id,name,brand,variant,category,price_in_usd
0,Google Land & Sea Cotton Cap,Google,Single Option Only,Apparel,14
1,Google KeepCup,Google,Single Option Only,New,28
2,Google Land & Sea Nalgene Water Bottle,Google,Single Option Only,Drinkware,20
3,Google Unisex Eco Tee Black,Google, LG,Uncategorized Items,22
4,Google Chicago Campus Bottle,Google,Single Option Only,Campus Collection,11
5,Google SF Campus Zip Hoodie,Google, LG,Clearance,32
6,Google Chicago Campus Unisex Tee,Google, MD,Campus Collection,14
7,Google SF Campus Unisex Tee,Google, SM,Clearance,14
8,Super G Unisex Joggers,Google, LG,Shop by Brand,30
9,Mommy Works at Google Book,Google,Single Option Only,Small Goods,16
10,BLM Unisex Pullover Hoodie,Google, MD,Black Lives Matter,46
11,Google See-No Hear-No Set,Google,Single Option Only,Electronics Accessories,10
12,Google Sherpa Zip Hoodie Navy,Google, MD,Apparel,55
13,Super G Unisex Joggers,Google, SM,Shop by Brand,37
14,Google Campus Bike Bottle,Google,Single Option Only,Lifestyle,22
15,Google Sherpa Zip Hoodie Navy,Google, LG,Apparel,55
16,Google Crewneck Sweatshirt Green,Google, MD,Apparel,44
17,Google Mural Sticker Sheet,Google,Single Option Only,Small Goods,3
18,Google F/C Longsleeve Charcoal,Google, XS,Apparel,24
19,Google Speckled Beanie Navy,Google,Single Option Only,New,16
20,Google NYC Campus Sticker,Google,Single Option Only,Campus Collection,1
21,Google Campus Bike Tote Navy,Google,Single Option Only,Bags,9
22,Google Infant Charcoal Onesie,Google, 3/6 MONTHS,Apparel,20
23,Google Austin Campus Ladies Tee,Google, LG,Campus Collection,14
24,Google Austin Campus Bottle,Google,Single Option Only,Campus Collection,11
25,Google Crew Socks,Google,Single Option Only,Apparel,13
26,Google Clear Framed Blue Shades,Google,Single Option Only,Accessories,3
27,Google Sherpa Zip Hoodie Navy,Google, SM,Apparel,55
28,Google Sherpa Zip Hoodie Navy,Google, XL,Apparel,55
29,Google Zip Hoodie F/C,Google, MD,Apparel,48
30,Google Speckled Beanie Grey,Google,Single Option Only,New,16
31,Google Infant Hero Tee Olive,Google, 3/6 MONTHS,Apparel,14
32,Google Infant Charcoal Onesie,Google, 6/12 MONTHS,Apparel,20
33,Google Sunnyvale Campus Unisex Tee,Google, MD,Campus Collection,14
34,Super G Unisex Joggers,Google, MD,Shop by Brand,30
35,Google SF Campus Ladies Tee,Google, MD,Clearance,14
36,Womens Google Striped LS,Google, MD,Apparel,16
37,Google Unisex Eco Tee Black,Google, SM,Uncategorized Items,18
38,Google Unisex Eco Tee Black,Google, MD,Uncategorized Items,18
39,Google Sustainable Pencil Pouch,Google,Single Option Only,Clearance,8
40,Google Heathered Pom Beanie,Google,Single Option Only,New,12
41,Google Summer19 Crew Grey,Google, LG,Apparel,35
42,Google Women's Microfleece Jacket Black,Google, XL,Uncategorized Items,60
43,Google Recycled Writing Set,Google,Single Option Only,Clearance,3
44,Google Mural Bottle,Google,Single Option Only,Drinkware,19
45,Google SF Campus Bottle,Google,Single Option Only,Campus Collection,11
46,Google LA Campus Bottle,Google,Single Option Only,Campus Collection,11
47,Google Metallic Notebook Set,Google,Single Option Only,Office,5
48,Google Clear Pen 4-Pack,Google,Single Option Only,Office,3
49,Google Decal,Google,Single Option Only,Stationery,1
50,Google Stylus Pen w/ LED Light,Google,Single Option Only,Office,4
51,Google Crewneck Sweatshirt Green,Google, LG,Apparel,44
52,Google Cork Base Tumbler,Google,Single Option Only,New,22
53,Google Sherpa Zip Hoodie Navy,Google, XS,Apparel,55
54,Google Campus Bike Eco Tee Navy,Google, LG,Apparel,20
55,Google NYC Campus Mug,Google,Single Option Only,Campus Collection,7
56,Google Camp Mug Ivory,Google,Single Option Only,Drinkware,10
57,Google Tee Yellow,Google, XS,Clearance,9
58,Google Utility BackPack,Google,Single Option Only,Bags,96
59,Google Incognito Techpack V2,Google,Single Option Only,Bags,70
60,Google Small Standard Journal Navy,Google,Single Option Only,Lifestyle,5
61,Google Blue YoYo,Google,Single Option Only,New,4
62,Google Mini Kick Ball,Google,Single Option Only,Fun,2
63,Google Austin Campus Mug,Google,Single Option Only,Campus Collection,7
64,Google Leather Strap Hat Black,Google,Single Option Only,Apparel,14
65,Google Felt Refillable Journal,Google,Single Option Only,Clearance,16
66,Android SM S/F18 Sticker Sheet,Android,Single Option Only,Accessories,2
67,Android Iconic Sticker Sheet,Android,Single Option Only,New,3
68,Google Pride Sticker,Google,Single Option Only,Shop by Brand,1
69,Google Laptop and Cell Phone Stickers,Google,Single Option Only,Google,3
70,Stan and Friends Tee Green,Google, LG,Apparel,14
71,Android Techie 3D Framed Art,Android,Single Option Only,Accessories,16
72,Android Super Hero 3D Framed Art,Android,Single Option Only,Accessories,16
73,Android Garden Tee Orange,Android, LG,Apparel,16
74,Google Leather Strap Hat Blue,Google,Single Option Only,Apparel,14
75,Google Pen Lilac,Google,Single Option Only,Stationery,1
76,Google Crew Combed Cotton Sock,Google,Single Option Only,Apparel,14
77,YouTube Twill Sandwich Cap Black,YouTube,Single Option Only,Apparel,10
78,Google PNW Campus Mug,Google,Single Option Only,Campus Collection,7
79,Google Cambridge Campus Mug,Google,Single Option Only,Campus Collection,7
80,Google Kirkland Campus Mug,Google,Single Option Only,Campus Collection,7
81,Google Seattle Campus Mug,Google,Single Option Only,Campus Collection,7
82,Google Campus Bike Grid Task Pad,Google,Single Option Only,Office,10
83,Google Mountain View Campus Zip Hoodie,Google, MD,Campus Collection,32
84,Google Pen Neon Coral,Google,Single Option Only,Stationery,1
85,Google Sunnyvale Campus Tote,Google,Single Option Only,Campus Collection,6
86,Google Magnet,Google,Single Option Only,Accessories,6
87,Google Premium Sunglasses,Google,Single Option Only,Accessories,11
88,YouTube Icon Tee Charcoal,YouTube, MD,Apparel,22
89,Google Land & Sea French Terry Sweatshirt,Google, LG,Shop by Brand,44
90,Google Cotopaxi Shell,Google, XL,Apparel,38
91,Google Pen Citron,Google,Single Option Only,Clearance,1
92,Google Large Standard Journal Grey,Google,Single Option Only,Office,16
93,Google Pen Grass Green,Google,Single Option Only,Stationery,2
94,Google Large Tote White,Google,Single Option Only,Bags,10
95,Google Glass Bottle,Google,Single Option Only,Lifestyle,18
96,Google 24 oz Ring Bottle Red,Google,Single Option Only,Google,6
97,Google Red Speckled Tee,Google, MD,Apparel,30
98,Google Toddler FC Tee Charcoal,Google, 3T,Apparel,25
99,Google Heather Green Speckled Tee,Google, LG,Apparel,24
100,Google Youth Badge Tee Olive,Google, LG,Apparel,13
101,Google Split Seam Tee Olive,Google, LG,Apparel,21
102,Google Unisex Eco Tee Black,Google, XS,Uncategorized Items,18
103,Google Incognito Zip Pack,Google,Single Option Only,Bags,61
104,Google Chicago Campus Lapel Pin,Google,Single Option Only,Campus Collection,3
105,Google LoveHandle Black,Google,Single Option Only,New,8
106,Google Blue Kids Sunglasses,Google,Single Option Only,Accessories,4
107,Google Boulder Campus Sticker,Google,Single Option Only,Campus Collection,1
108,Google Recycled Pen Black,Google,Single Option Only,New,2
109,Google Pen Grey,Google,Single Option Only,Office,2
110,Google Boulder Campus Mug,Google,Single Option Only,Campus Collection,8
111,Google Canteen Bottle Black,Google,Single Option Only,Drinkware,24
112,Google Pen White,Google,Single Option Only,Office,2
113,Google Cork Card Holder,Google,Single Option Only,Accessories,17
114,Google Light Pen Blue,Google,Single Option Only,Writing Instruments,2
115,#IamRemarkable Journal,#IamRemarkable,Single Option Only,Stationery,6
116,Google Land & Sea Journal Set,Google,Single Option Only,New,12
117,Google Mural Sticky Note Pad,Google,Single Option Only,Office,11
118,Google Confetti Task Pad,Google,Single Option Only,Office,6
119,Google Mural Notebook,Google,Single Option Only,Office,15
120,#IamRemarkable Pen,#IamRemarkable,Single Option Only,Writing Instruments,14
121,Google Blue Stojo Cup,Google,Single Option Only,Shop by Brand,25
122,Google Campus Bike,Google,Single Option Only,Accessories,40
123,Google Emoji Magnet Set,Google,Single Option Only,Small Goods,10
124,Noogler Android Figure,Android,Single Option Only,Accessories,16
125,Google Utensil Set,Google,Single Option Only,New,15
126,Google Keychain,Google,Single Option Only,Small Goods,8
127,Google Cloud Pen,Google Cloud,Single Option Only,Shop by Brand,3
128,Google Heather Green Speckled Tee,Google, SM,Apparel,24
129,Womens Google Striped LS,Google, SM,Apparel,16
130,Google Campus Bike Eco Tee Navy,Google, 2XL,Apparel,25
131,Google Navy Speckled Tee,Google, MD,Apparel,24
132,YouTube Standards Zip Hoodie Black,YouTube, MD,Apparel,60
133,Android Pocket Tee Green,Android, LG,Apparel,29
134,Google PNW Campus Unisex Tee,Google, SM,Clearance,14
135,Google NYC Campus Bottle,Google,Single Option Only,Campus Collection,11
136,Google F/C Longsleeve Ash,Google, XL,Apparel,24
137,YouTube Icon Tee Charcoal,YouTube, 3XL,Apparel,22
138,YouTube Jotter Task Pad,YouTube,Single Option Only,Shop by Brand,2
139,Google Navy Speckled Tee,Google, SM,Apparel,24
140,Google Badge Heavyweight Pullover Black,Google, XS,Apparel,46
141,Google Men's Tech Fleece Grey,Google, XL,Apparel,71
142,Google Badge Heavyweight Pullover Black,Google, XL,Apparel,46
143,Google Crewneck Sweatshirt Navy,Google, MD,Apparel,44
144,Android Iconic Socks,Android,Single Option Only,New,17
145,Android Garden Tee Orange,Android, XL,Apparel,20
146,Google Badge Heavyweight Pullover Black,Google, LG,Apparel,46
147,Google Dino Game Tee,Google, XL,Apparel,32
148,Google Campus Bike Corkbase Mug Blue,Google,Single Option Only,Lifestyle,14
149,Google F/C Longsleeve Charcoal,Google, SM,Apparel,30
150,Google F/C Longsleeve Charcoal,Google, LG,Apparel,24
151,Google Infant Charcoal Onesie,Google, 18/24 MONTHS,Apparel,20
152,Google F/C Longsleeve Ash,Google, MD,Apparel,24
153,YouTube Leather Strap Hat Black,YouTube,Single Option Only,Apparel,12
154,Android Pocket Tee Navy,Android, MD,Apparel,29
155,Youth Jumbo Print Tee White,Google, MD,Apparel,18
156,Google Toddler FC Zip Hoodie,Google, LG,Apparel,28
157,Android Pocket Onesie Navy,Android, 12/18 MONTHS,Apparel,18
158,Google NYC Campus Zip Hoodie,Google, MD,Campus Collection,32
159,Google PNW Campus Zip Hoodie,Google, LG,Clearance,32
160,Android Pocket Toddler Tee Navy,Android, 4T,Apparel,18
161,Google Toddler FC Zip Hoodie,Google, MD,Apparel,28
162,Google Cork Passport Holder,Google,Single Option Only,Accessories,16
163,Google 24oz Ring Bottle Blue,Google,Single Option Only,Google,7
164,Google Women's Puff Jacket Black,Google, MD,Apparel,115
165,Google Thermal Tumbler Navy,Google,Single Option Only,Drinkware,18
166,Android Iconic Mug Gray,Android,Single Option Only,New,17
167,Google Black Cork Journal,Google,Single Option Only,New,12
168,Maze Pen,Google,Single Option Only,Office,1
169,Google F/C Longsleeve Charcoal,Google, XL,Apparel,24
170,Google Woodtop Bottle Black,Google,Single Option Only,New,24
171,Google F/C Longsleeve Ash,Google, SM,Apparel,24
172,Google Toddler Hero Tee Black,Google, 2T,Apparel,13
173,YouTube Crew Socks,YouTube,Single Option Only,Apparel,13
174,Android Buoy Bottle,Android,Single Option Only,Drinkware,4
175,Google Camp Mug Gray,Google,Single Option Only,Shop by Brand,10
176,Google Women's Puff Jacket Black,Google, XL,Apparel,92
177,Google Youth FC Longsleeve Charcoal,Google, MD,Apparel,24
178,Google Crewneck Sweatshirt Navy,Google, SM,Apparel,44
179,Google Cotopaxi Shell,Google, SM,Apparel,38
180,Stainless Straight Straw/Cleaner,Google,Single Option Only,New,3
181,#IamRemarkable Water Bottle,#IamRemarkable,Single Option Only,Drinkware,12
182,Google Women's Grid Zip-Up,Google, SM,Apparel,63
183,Google Mural Socks,Google,Single Option Only,New,12
184,Android Iconic Hat Green,Android,Single Option Only,New,13
185,Google Perk Thermal Tumbler,Google,Single Option Only,Lifestyle,16
186,Google Frisbee,Google,Single Option Only,Shop by Brand,1
187,Google Super G Tumbler (Blue Lid),Google,Single Option Only,Lifestyle,22
188,Google Beekeepers Tee Mint,Google, MD,Apparel,14
189,Google Raincoat Navy,Google, MD,Apparel,96
190,#IamRemarkable Unisex T-Shirt,#IamRemarkable, MD,Apparel,10
191,Google Bot,Google,Single Option Only,Accessories,8
192,Google Youth Badge Tee Olive,Google, SM,Apparel,13
193,Google Beekeepers Toddler Tee Pink,Google, 3T,Apparel,14
194,Google LA Campus Mug,Google,Single Option Only,Campus Collection,7
195,Google Boulder Campus Tote,Google,Single Option Only,Campus Collection,6
196,Unisex Google Pocket Tee Grey,Google, 2XL,Apparel,16
197,Google Beekeepers Tee Mint,Google, 2XL,Apparel,14
198,Google F/C Longsleeve Ash,Google, LG,Apparel,24
199,#IamRemarkable Unisex T-Shirt,#IamRemarkable, 2XL,Apparel,10
200,Google Men's Tech Fleece Grey,Google, LG,Apparel,71
201,Google Sunnyvale Campus Bottle,Google,Single Option Only,Campus Collection,11
202,Google SF Campus Tote,Google,Single Option Only,Campus Collection,6
203,#IamRemarkable Unisex T-Shirt,#IamRemarkable, XL,Apparel,10
204,Google Sunnyvale Campus Mug,Google,Single Option Only,Campus Collection,7
205,Google Mens Microfleece Jacket Black,Google, 2XL,Uncategorized Items,42
206,Google Cotopaxi Shell,Google, LG,Apparel,38
207,Google Summer19 Crew Grey,Google, XL,Apparel,35
208,Android Large Trace Journal Black,Android,Single Option Only,Notebooks & Journals,8
209,Stan and Friends Onesie Green,Google, 6/12 MONTHS,Apparel,14
210,Google Black Cloud Zip Hoodie,Google Cloud, MD,Apparel,55
211,Google Black Cloud Zip Hoodie,Google Cloud, LG,Apparel,69
212,Google Beekeepers Onesie Pink,Google, NEWBORN,Apparel,14
213,Google Bear Baby Blanket Beige,Google,Single Option Only,Shop by Brand,19
214,Google Women's Tech Fleece Vest Charcoal,Google, LG,Apparel,44
215,YouTube 25 oz Gear Cap Bottle Black,YouTube,Single Option Only,Drinkware,27
216,YouTube Icon Tee Charcoal,YouTube, XL,Apparel,22
217,Google Youth FC Zip Hoodie,Google, SM,Apparel,36
218,Android Pocket Onesie Navy,Android, 18/24 MONTHS,Apparel,18
219,Google Crewneck Sweatshirt Green,Google, SM,Apparel,44
220,#IamRemarkable Unisex T-Shirt,#IamRemarkable, XS,Apparel,10
221,Google Crewneck Sweatshirt Grey,Google, XS,Uncategorized Items,44
222,Google Zip Hoodie F/C,Google, 2XL,Apparel,48
223,Google Red Speckled Tee,Google, XL,Apparel,24
224,Google Black Cloud Zip Hoodie,Google Cloud, SM,Apparel,55
225,Google Bot (Multicolored),Google,Single Option Only,Lifestyle,8
226,Google Mural Mug,Google,Single Option Only,Drinkware,14
227,Google Chrome Dino Light Up Water Bottle,Google,Single Option Only,Shop by Brand,19
228,Google Sunnyvale Campus Ladies Tee,Google, MD,Campus Collection,14
229,Google Sherpa Zip Hoodie Charcoal,Google, MD,Apparel,55
230,Google Clear Framed Yellow Shades,Google,Single Option Only,Accessories,3
231,Google Crewneck Sweatshirt Green,Google, XL,Apparel,44
232,Google Twill Cap Charcoal,Google,Single Option Only,Apparel,10
233,Google Youth Badge Tee Navy,Google, LG,Apparel,13
234,Google Women's Discovery Lt. Rain Shell,Google, XL,Apparel,49
235,Google Split Seam Tee Olive,Google, XL,Apparel,21
236,Flamingo and Friends Tee Blue,Google, SM,Apparel,16
237,Google Men's Tech Fleece Grey,Google, SM,Apparel,71
238,Android Flex Journal White,Android,Single Option Only,Office,2
239,Google Women's Microfleece Jacket Black,Google, SM,Uncategorized Items,75
240,Google Yellow YoYo,Google,Single Option Only,New,3
241,Google Tudes Recycled Tee,Google, MD,Apparel,24
242,Google Mouse Pad Navy,Google,Single Option Only,Accessories,4
243,Google Knit Blanket,Google,Single Option Only,Lifestyle,70
244,Google Phone Stand Bamboo,Google,Single Option Only,Small Goods,4
245,Google Men's Softshell Moss,Google, LG,Apparel,79
246,Google Chrome Dinosaur Collectible,Google,Single Option Only,Accessories,24
247,Google Unisex Eco Tee Black,Google, XL,Uncategorized Items,18
248,Google Beekeepers Toddler Tee Pink,Google, 5/6T,Apparel,14
249,Google Beekeepers Youth Tee Pink,Google, SM,Apparel,14
250,Google Beekeepers Youth Tee Pink,Google, MD,Apparel,14
251,Google Beekeepers Onesie Pink,Google, 12M,Apparel,14
252,Android Iconic Hat Black,Android,Single Option Only,Clearance,9
253,Google Cotopaxi Shell,Google, XS,Apparel,38
254,Android Iconic Crewneck Sweatshirt,Android, XS,Apparel,44
255,Google NYC Campus Zip Hoodie,Google, LG,Campus Collection,32
256,Google Light Pen Red,Google,Single Option Only,Writing Instruments,2
257,Android Pocket Youth Tee Green,Android, MD,Apparel,20
258,Google LA Campus Unisex Tee,Google, LG,Clearance,14
259,Google Mountain View Campus Unisex Tee,Google, SM,Campus Collection,14
260,Google Sherpa Zip Hoodie Charcoal,Google, XL,Apparel,55
261,Google Crewneck Sweatshirt Green,Google, XS,Apparel,44
262,Google Small Cable Organizer Blue,Google,Single Option Only,Accessories,2
263,Google Mountain View Campus Sticker,Google,Single Option Only,Campus Collection,1
264,Google Toddler FC Zip Hoodie,Google, SM,Apparel,35
265,Google Cotopaxi Shell,Google, MD,Apparel,38
266,Google Zip Hoodie F/C,Google, XS,Apparel,48
267,Google Sherpa Zip Hoodie Charcoal,Google, XS,Apparel,55
268,Google Cambridge Campus Lapel Pin,Google,Single Option Only,Campus Collection,3
269,Google NYC Campus Lapel Pin,Google,Single Option Only,Campus Collection,3
270,Google Campus Bike Mini Backpack,Google,Single Option Only,Lifestyle,32
271,Google Dino Game Tee,Google, SM,Apparel,32
272,Google Campus Bike Eco Tee Navy,Google, XS,Apparel,20
273,Google F/C Longsleeve Charcoal,Google, MD,Apparel,24
274,Google Red Speckled Tee,Google, SM,Apparel,24
275,YouTube Icon Tee Grey,YouTube, LG,Apparel,18
276,Google Shoreline Water Bottle,Google Cloud,Single Option Only,Shop by Brand,26
277,Google Large Pet Leash (Red/Yellow),Google,Single Option Only,Accessories,35
278,Google Cup Cap Tumbler Grey,Google,Single Option Only,New,24
279,Google Badge Heavyweight Pullover Black,Google, 3XL,Apparel,46
280,Google Sherpa Zip Hoodie Charcoal,Google, LG,Apparel,55
281,Google Emoji Sticker Pack,Google,Single Option Only,Accessories,4
282,Google Women's Black Tee,Google, 2XL,Apparel,15
283,Google Cambridge Campus Bottle,Google,Single Option Only,Campus Collection,11
284,Google Cambridge Campus Tote,Google,Single Option Only,Campus Collection,6
285,Google Cambridge Campus Sticker,Google,Single Option Only,Campus Collection,1
286,Google Medium Pet Leash (Red/Yellow),Google,Single Option Only,Accessories,28
287,Android Large Removable Sticker Sheet,Android,Single Option Only,Accessories,2
288,Android Iconic 4&quot; Decal,Android,Single Option Only,New,1
289,Google Medium Pet Collar (Red/Yellow),Google,Single Option Only,Accessories,28
290,Supernatural Paper Lunch Sack,Google,Single Option Only,Eco-Friendly,19
291,Unisex Google Pocket Tee Grey,Google, XL,Apparel,16
292,Google Sunglasses,Google, RED,Uncategorized Items,4
293,Google Sunnyvale Campus Sticker,Google,Single Option Only,Campus Collection,1
294,Google LA Campus Tote,Google,Single Option Only,Campus Collection,6
295,Google Chicago Campus Mug,Google,Single Option Only,Campus Collection,7
296,Google LA Campus Lapel Pin,Google,Single Option Only,Campus Collection,3
297,Google Striped Penny Pouch,Google,Single Option Only,Bags,2
298,Google Cotopaxi Shell,Google, 2XL,Apparel,38
299,Google Packable Bag Black,Google,Single Option Only,Bags,16
300,Google Men's Puff Jacket Black,Google, XL,Apparel,92
301,Google Sherpa Vest Black,Google, 2XL,Apparel,63
302,Google Men's Softshell Moss,Google, 3XL,Apparel,79
303,Google Land & Sea French Terry Sweatshirt,Google, 3XL,Shop by Brand,44
304,Google Sunglasses,Google, GREEN,Uncategorized Items,3
305,Google Zip Hoodie F/C,Google, XL,Apparel,48
306,Google Sunglasses,Google, BLUE,Uncategorized Items,3
307,Google Color Block Notebook,Google,Single Option Only,Stationery,12
308,Android Pocket Tee Green,Android, MD,Apparel,29
309,Google PNW Campus Unisex Tee,Google, MD,Clearance,14
310,Flamingo and Friends Tee Blue,Google, MD,Apparel,16
311,Google Super G Tumbler (Red Lid),Google,Single Option Only,Lifestyle,22
312,Google Light Pen Green,Google,Single Option Only,Writing Instruments,2
313,Android Small Trace Journal Black,Android,Single Option Only,Notebooks & Journals,5
314,Google Land & Sea Tech Taco,Google,Single Option Only,Shop by Brand,3
315,Google Utility Bag Grey,Google,Single Option Only,Bags,6
316,Google Flat Front Bag Grey,Google,Single Option Only,Bags,30
317,Google LA Campus Unisex Tee,Google, 2XL,Clearance,18
318,Google Tech Taco,Google,Single Option Only,New,3
319,YouTube Iconic Play Pin,YouTube,Single Option Only,New,6
320,Google Pen Red,Google,Single Option Only,Stationery,1
321,Google Pen Bright Blue,Google,Single Option Only,Stationery,1
322,Google Aluminum Bottle Red,Google,Single Option Only,Shop by Brand,6
323,Google Men's Softshell Moss,Google, SM,Apparel,79
324,Google Women's Puff Jacket Black,Google, LG,Apparel,92
325,Google Land & Sea Mug,Google,Single Option Only,Shop by Brand,14
326,Google Men's Tech Fleece Vest Charcoal,Google, MD,Apparel,63
327,Google Men's Puff Jacket Black,Google, MD,Apparel,92
328,Google Women's Softshell Moss,Google, LG,Apparel,79
329,Google PNW Campus Zip Hoodie,Google, XL,Clearance,32
330,#IamRemarkable Unisex T-Shirt,#IamRemarkable, SM,Apparel,10
331,Google Austin Campus Zip Hoodie,Google, LG,Campus Collection,32
332,Google Crewneck Sweatshirt Grey,Google, XL,Uncategorized Items,44
333,Google Incognito Dopp Kit V2,Google,Single Option Only,Bags,38
334,Google Men's Softshell Moss,Google, MD,Apparel,79
335,BLM Unisex Pullover Hoodie,Google, 3XL,Black Lives Matter,58
336,Android Pocket Tee Navy,Android, LG,Apparel,23
337,Google Sunnyvale Campus Ladies Tee,Google, SM,Campus Collection,14
338,Android Pocket Youth Tee Green,Android, XS,Apparel,20
339,Android Pocket Youth Tee Navy,Android, MD,Apparel,20
340,Google Large Pet Collar (Blue/Green),Google,Single Option Only,Accessories,28
341,Android Iconic Hat White,Android,Single Option Only,New,13
342,Google LA Campus Zip Hoodie,Google, MD,Clearance,32
343,Google Sunnyvale Campus Zip Hoodie,Google, SM,Campus Collection,32
344,Google Mountain View Campus Zip Hoodie,Google, XL,Campus Collection,32
345,Google PNW Campus Zip Hoodie,Google, MD,Clearance,32
346,Google Soft Modal Scarf,Google,Single Option Only,Apparel,45
347,Google Clear Framed Gray Shades,Google,Single Option Only,Accessories,3
348,Google Raincoat Navy,Google, LG,Apparel,96
349,Google Cork Journal,Google,Single Option Only,New,7
350,Google Toddler FC Tee Charcoal,Google, 4T,Apparel,20
351,Google Red Speckled Tee,Google, LG,Apparel,24
352,Android Iconic Crewneck Sweatshirt,Android, LG,Apparel,44
353,Google SF Campus Ladies Tee,Google, LG,Clearance,14
354,Google Austin Campus Tote,Google,Single Option Only,Campus Collection,8
355,Google Crewneck Sweatshirt Grey,Google, 2XL,Uncategorized Items,44
356,Android Iconic Crewneck Sweatshirt,Android, SM,Apparel,44
357,Google F/C Longsleeve Ash,Google, XS,Apparel,24
358,Google Crew Striped Athletic Sock,Google,Single Option Only,Apparel,14
359,YouTube Icon Tee Grey,YouTube, SM,Apparel,18
360,Google Seattle Campus Sticker,Google,Single Option Only,Campus Collection,1
361,Google Zip Hoodie F/C,Google, SM,Apparel,60
362,Google LA Campus Sticker,Google,Single Option Only,Campus Collection,1
363,Google Toddler FC Tee Charcoal,Google, 5T,Apparel,20
364,Google Toddler FC Tee Charcoal,Google, 2T,Apparel,20
365,Google Confetti Accessory Pouch,Google,Single Option Only,Bags,10
366,Google Toddler Tee White,Google, 5/6T,Apparel,19
367,Youth Jumbo Print Tee White,Google, LG,Apparel,14
368,Stan and Friends Youth Tee Green,Google, MD,Apparel,14
369,#IamRemarkable Tote,#IamRemarkable,Single Option Only,Bags,6
370,#IamRemarkable Unisex Hoodie,#IamRemarkable, MD,Apparel,26
371,Google Land & Sea Tote Bag,Google,Single Option Only,Bags,16
372,Google Women's Discovery Lt. Rain Shell,Google, 2XL,Apparel,49
373,Google Cork Key Ring,Google,Single Option Only,Accessories,7
374,Google PNW Campus Tote,Google,Single Option Only,Campus Collection,6
375,Android Iconic Crewneck Sweatshirt,Android, MD,Apparel,44
376,Keyboard DOT Sticker,Google,Single Option Only,Office,2
377,Android Geek Pin,Android,Single Option Only,Accessories,4
378,Google Hemp Tote,Google,Single Option Only,Clearance,12
379,Google Red YoYo,Google,Single Option Only,New,3
380,Android Iconic Beanie,Android,Single Option Only,New,8
381,Google Felt Luggage Tag,Google,Single Option Only,Clearance,6
382,Google Red Kids Sunglasses,Google,Single Option Only,Accessories,4
383,Google Tee Red,Google, XS,Clearance,9
384,Google Tee Green,Google, XS,Clearance,9
385,Android Iconic Pen,Android,Single Option Only,New,2
386,Android Lumberjack Pin,Android,Single Option Only,Accessories,4
387,Google Youth Badge Tee Olive,Google, MD,Apparel,13
388,Google Lapel Pin,Google,Single Option Only,New,8
389,Google Women's Grid Zip-Up,Google, XL,Apparel,50
390,Google Men's Puff Jacket Black,Google, LG,Apparel,92
391,Google Mountain View Campus Ladies Tee,Google, MD,Campus Collection,14
392,Google F/C Longsleeve Ash,Google, 2XL,Apparel,24
393,Google Mountain View Campus Ladies Tee,Google, SM,Campus Collection,14
394,Google Beekeepers Tee Mint,Google, XS,Apparel,14
395,Google Sherpa Vest Black,Google, LG,Apparel,63
396,Android Garden Tee Orange,Android, SM,Apparel,16
397,Google Toddler Tee White,Google, 2T,Apparel,19
398,Google Jotter Task Pad,Google,Single Option Only,Shop by Brand,2
399,Android Iconic Pin,Android,Single Option Only,New,3
400,#IamRemarkable Ladies T-Shirt,#IamRemarkable, MD,Apparel,10
401,Google Land & Sea Women's Eco Tee,Google, SM,Apparel,20
402,Google SF Campus Unisex Tee,Google, MD,Clearance,14
403,Daddy Works at Google Book,Google,Single Option Only,Small Goods,16
404,Google Cork Pencil Pouch,Google,Single Option Only,New,8
405,Supernatural Paper Backpack,Google,Single Option Only,Bags,58
406,Google Chicago Campus Unisex Tee,Google, LG,Campus Collection,14
407,Google Boulder Campus Unisex Tee,Google, LG,Clearance,14
408,Google Kirkland Campus Unisex Tee,Google, LG,Clearance,14
409,Google NYC Campus Ladies Tee,Google, SM,Campus Collection,14
410,YouTube Icon Tee Grey,YouTube, MD,Apparel,18
411,Google ApPeel Journal Red,Google,Single Option Only,New,15
412,Google Austin Campus Zip Hoodie,Google, XL,Campus Collection,32
413,Google Zip Hoodie F/C,Google, LG,Apparel,48
414,Mural Food Container,Google,Single Option Only,Lifestyle,33
415,Google Incognito Flap Pack,Google,Single Option Only,Bags,60
416,Google Sunnyvale Campus Ladies Tee,Google, LG,Campus Collection,14
417,Google Land & Sea Women's Eco Tee,Google, LG,Apparel,20
418,Google Cambridge Campus Ladies Tee,Google, MD,Campus Collection,14
419,Google 16 oz Tumbler Blue,Google,Single Option Only,Drinkware,10
420,Google Youth Hero Tee Grey,Google, SM,Apparel,19
421,Google NYC Campus Ladies Tee,Google, MD,Campus Collection,18
422,Supernatural Paper Tote,Google,Single Option Only,Bags,28
423,Android Iconic Backpack,Android,Single Option Only,New,25
424,Google Raincoat Navy,Google, 2XL,Apparel,120
425,Google Heather Green Speckled Tee,Google, XL,Apparel,21
426,YouTube Icon Tee Grey,YouTube, 2XL,Apparel,22
427,Android Pocket Tee Green,Android, 2XL,Apparel,29
428,Android Garden Tee Orange,Android, 2XL,Apparel,20
429,Google SF Campus Mug,Google,Single Option Only,Campus Collection,7
430,Google Chicago Campus Tote,Google,Single Option Only,Campus Collection,6
431,Google Chicago Campus Ladies Tee,Google, MD,Campus Collection,14
432,Candy Cane Android Cardboard Sculpture,Android,Single Option Only,Accessories,8
433,Android Iconic Glass Bottle Green,Android,Single Option Only,Clearance,13
434,Google Incognito Messenger Bag,Google,Single Option Only,Bags,60
435,Stan and Friends Onesie Green,Google, 3/6 MONTHS,Apparel,14
436,Google Black Cloud Zip Hoodie,Google Cloud, XL,Apparel,55
437,Google Confetti Pen White,Google,Single Option Only,Office,2
438,Google Toddler Hero Tee Olive,Google, 2T,Apparel,19
439,Google Toddler Tee White,Google, 3T,Apparel,19
440,Google Kirkland Campus Ladies Tee,Google, MD,Clearance,14
441,Google Seattle Campus Ladies Tee,Google, SM,Clearance,14
442,Womens Google Striped LS,Google, LG,Apparel,16
443,Google PNW Campus Sticker,Google,Single Option Only,Campus Collection,1
444,Google Crewneck Sweatshirt Navy,Google, XL,Apparel,44
445,Google Black Cloud Zip Hoodie,Google Cloud, 3XL,Apparel,55
446,Android Jotter Task Pad,Android,Single Option Only,Shop by Brand,2
447,Google Laptop Sleeve Charcoal,Google,Single Option Only,Accessories,16
448,Google Men's Tech Fleece Grey,Google, MD,Apparel,89
449,Google Dino Game Tee,Google, XS,Apparel,32
450,Google Large White Gift Bag 5/PK,Google,Single Option Only,New,10
451,Google Women's Tech Fleece Vest Charcoal,Google, MD,Apparel,44
452,Google Youth FC Tee Charcoal,Google, SM,Apparel,20
453,Google Youth FC Tee Charcoal,Google, MD,Apparel,20
454,Super G Unisex Joggers,Google, XS,Shop by Brand,37
455,Youth Jumbo Print Tee White,Google, XL,Apparel,18
456,Google Women's Tech Fleece Grey,Google, SM,Apparel,89
457,Google Badge Heavyweight Pullover Black,Google, MD,Apparel,46
458,Android Iconic Crewneck Sweatshirt,Android, XL,Apparel,44
459,Super G Unisex Joggers,Google, XL,Shop by Brand,30
460,Android Pocket Onesie Navy,Android, 6/12 MONTHS,Apparel,22
461,Google Sunnyvale Campus Ladies Tee,Google, XL,Campus Collection,14
462,Google Crewneck Sweatshirt Navy,Google, LG,Apparel,44
463,Google Youth Badge Tee Olive,Google, XL,Apparel,13
464,Google Infant Charcoal Onesie,Google, 12/18 MONTHS,Apparel,20
465,Google Tee Grey,Google, 3XL,Uncategorized Items,9
466,Google Sunnyvale Campus Zip Hoodie,Google, LG,Campus Collection,32
467,Google Austin Campus Zip Hoodie,Google, SM,Campus Collection,32
468,Unisex Google Pocket Tee Grey,Google, LG,Apparel,20
469,Google Women's Grid Zip-Up,Google, MD,Apparel,50
470,Google Women's Grid Zip-Up,Google, XS,Apparel,50
471,Google Women's Tech Fleece Grey,Google, LG,Apparel,71
472,Google Sherpa Zip Hoodie Navy,Google, 2XL,Apparel,55
473,Google Crewneck Sweatshirt Green,Google, 2XL,Apparel,44
474,Google Campus Bike Carry Pouch,Google,Single Option Only,Bags,8
475,Google Crewneck Sweatshirt Grey,Google, LG,Uncategorized Items,44
476,Google Tee Blue,Google, XS,Uncategorized Items,9
477,Google Recycled Notebook Set Natural,Google,Single Option Only,Office,13
478,Google Cloth & Pouch Black,Google,Single Option Only,Accessories,3
479,Unisex Google Pocket Tee Grey,Google, SM,Apparel,16
480,Google Kirkland Campus Ladies Tee,Google, SM,Clearance,14
481,Google Mesh Bag Blue,Google,Single Option Only,Bags,6
482,Google Mesh Bag Red,Google,Single Option Only,Bags,6
483,Stan and Friends Tee Green,Google, XS,Apparel,14
484,Stan and Friends Tee Green,Google, MD,Apparel,14
485,Stan and Friends Toddler Tee Green,Google, 5/6T,Apparel,14
486,Google Recycled Pen Green,Google,Single Option Only,New,2
487,Google Split Seam Tee Olive,Google, SM,Apparel,21
488,Google Youth FC Tee Charcoal,Google, LG,Apparel,20
489,Google Infant Hero Tee Olive,Google, 6/12 MONTHS,Apparel,14
490,Gift Card - $25.00,Google,Single Option Only,Gift Cards,25
491,YouTube Icon Tee Grey,YouTube, XL,Apparel,22
492,Google Zip Hoodie F/C,Google, 3XL,Apparel,48
493,Google Maps Pin,Google,Single Option Only,New,7
494,Google SF Campus Unisex Tee,Google, XS,Clearance,18
495,YouTube Play Mug,YouTube,Single Option Only,Lifestyle,13
496,Google Incognito Laptop Organizer,Google,Single Option Only,Bags,45
497,Google Seaport Tote,Google,Single Option Only,New,48
498,YouTube Standards Zip Hoodie Black,YouTube, XL,Apparel,60
499,Google Dino Game Tee,Google, LG,Apparel,32
500,Google Cambridge Campus Unisex Tee,Google, MD,Campus Collection,14
501,Google Infant Hero Tee Olive,Google, 12/18 MONTHS,Apparel,14
502,Google Medium Pet Collar (Blue/Green),Google,Single Option Only,Accessories,28
503,#IamRemarkable Unisex Hoodie,#IamRemarkable, SM,Apparel,26
504,Google Cambridge Campus Zip Hoodie,Google, MD,Campus Collection,41
505,Android Pocket Tee Navy,Android, XL,Apparel,23
506,Google Cambridge Campus Zip Hoodie,Google, XL,Campus Collection,32
507,Google NYC Campus Ladies Tee,Google, XL,Campus Collection,14
508,Stan and Friends Toddler Tee Green,Google, 2T,Apparel,18
509,Google Austin Campus Unisex Tee,Google, SM,Campus Collection,14
510,Google Felt Strap Keyring,Google,Single Option Only,New,10
511,Google Women's Kirkland Pullover,Google, XS,Apparel,35
512,Womens Google Striped LS,Google, XS,Apparel,16
513,Google Infant Hero Onesie Grey,Google, 18/24 MONTHS,Apparel,18
514,#IamRemarkable Ladies T-Shirt,#IamRemarkable, LG,Apparel,10
515,Google Sherpa Zip Hoodie Charcoal,Google, SM,Apparel,55
516,YouTube Women's Favorite Tee White,YouTube, 2XL,Uncategorized Items,9
517,Google Crewneck Sweatshirt Navy,Google, 2XL,Apparel,44
518,Google Land & Sea French Terry Sweatshirt,Google, XS,Shop by Brand,44
519,#IamRemarkable Unisex Hoodie,#IamRemarkable, XL,Apparel,26
520,#IamRemarkable Unisex Hoodie,#IamRemarkable, LG,Apparel,26
521,Google Youth Hero Tee Grey,Google, MD,Apparel,19
522,#IamRemarkable Lapel Pin,#IamRemarkable,Single Option Only,Lifestyle,2
523,Google Small White Gift Bag 5/PK,Google,Single Option Only,New,6
524,Google Women's Grid Zip-Up,Google, 2XL,Apparel,50
525,Android Iconic Notebook,Android,Single Option Only,New,17
526,YouTube Transmission Journal Red,YouTube,Single Option Only,Office,16
527,Google Seattle Campus Lapel Pin,Google,Single Option Only,Campus Collection,3
528,Google Confetti Slim Task Pad,Google,Single Option Only,Office,3
529,Google PNW Campus Lapel Pin,Google,Single Option Only,Campus Collection,3
530,Google Kirkland Campus Sticker,Google,Single Option Only,Campus Collection,1
531,Google Bellevue Campus Sticker,Google,Single Option Only,Campus Collection,1
532,Google Youth Hero Tee Maroon,Google, MD,Apparel,19
533,Google Youth Badge Tee Navy,Google, SM,Apparel,13
534,Google Tonal Tee Coral,Google, XS,Uncategorized Items,9
535,Google LA Campus Zip Hoodie,Google, LG,Clearance,32
536,Google LA Campus Ladies Tee,Google, SM,Clearance,18
537,Google Women's Tech Fleece Grey,Google, MD,Apparel,71
538,Google Beekeepers Tee Mint,Google, SM,Apparel,14
539,Android Pocket Toddler Tee Navy,Android, 2T,Apparel,18
540,Google Black Cloud Zip Hoodie,Google Cloud, 2XL,Apparel,55
541,Google Summer19 Crew Grey,Google, 2XL,Apparel,43
542,Google Sherpa Vest Black,Google, XL,Apparel,79
543,Google Split Seam Tee Olive,Google, MD,Apparel,21
544,Google Youth F/C Pullover Hoodie,Google, MD,Apparel,32
545,Google Youth Hero Tee Grey,Google, XL,Apparel,24
546,Stan and Friends Toddler Tee Green,Google, 3T,Apparel,14
547,Stan and Friends Onesie Green,Google, 12/18 MONTHS,Apparel,14
548,#IamRemarkable Ladies T-Shirt,#IamRemarkable, XL,Apparel,10
549,Google Austin Campus Zip Hoodie,Google, MD,Campus Collection,32
550,Android Pocket Onesie White,Android, 18/24 MONTHS,Apparel,18
551,Google Mountain View Campus Zip Hoodie,Google, LG,Campus Collection,41
552,Google NYC Campus Zip Hoodie,Google, XL,Campus Collection,41
553,Google Navy Speckled Tee,Google, XL,Apparel,24
554,Google Land & Sea Women's Eco Tee,Google, XL,Apparel,20
555,Google Men's Softshell Moss,Google, 2XL,Apparel,79
556,YouTube Icon Tee Charcoal,YouTube, 2XL,Apparel,18
557,#IamRemarkable Ladies T-Shirt,#IamRemarkable, 2XL,Apparel,10
558,Google Women's Puff Jacket Black,Google, SM,Apparel,92
559,Google Land & Sea French Terry Sweatshirt,Google, XS,Shop by Brand,44
560,Google Land & Sea French Terry Sweatshirt,Google, XL,Shop by Brand,44
561,Google Tee F/C Black,Google, 3XL,Uncategorized Items,18
562,Snowflake Android Cardboard Sculpture,Android,Single Option Only,Accessories,10
563,Google Campus Bike Eco Tee Navy,Google, XL,Apparel,20
564,Google Boulder Campus Zip Hoodie,Google, MD,Clearance,32
565,Google Kirkland Campus Unisex Tee,Google, SM,Clearance,14
566,Google Sherpa Zip Hoodie Charcoal,Google, 2XL,Apparel,55
567,Google Unisex Eco Tee Black,Google, 3XL,Uncategorized Items,18
568,Google Men's Softshell Moss,Google, XL,Apparel,79
569,Google Men's Discovery Lt. Rain Shell,Google, 2XL,Uncategorized Items,62
570,Google Raincoat Navy,Google, XL,Apparel,120
571,Google Badge Heavyweight Pullover Black,Google, SM,Apparel,46
572,Google Beekeepers Toddler Tee Pink,Google, 2T,Apparel,14
573,Android Hipster Pin,Android,Single Option Only,Accessories,4
574,Google Beekeepers Onesie Pink,Google, 18M,Apparel,14
575,Google Tonal Tee Spearmint,Google, XS,Uncategorized Items,9
576,Google Women's Grid Zip-Up,Google, LG,Apparel,63
577,Google Men's Tech Fleece Vest Charcoal,Google, SM,Apparel,63
578,#IamRemarkable Unisex T-Shirt,#IamRemarkable, LG,Apparel,10
579,Google Seattle Campus Ladies Tee,Google, LG,Clearance,14
580,Google Kirkland Campus Unisex Tee,Google, MD,Clearance,14
581,Google Red Speckled Tee,Google, 2XL,Apparel,24
582,Google Toddler Tee White,Google, 4T,Apparel,19
583,Google Cork Tablet Case,Google,Single Option Only,Accessories,17
584,Android Pocket Tee Navy,Android, 2XL,Apparel,23
585,Google Tudes Recycled Tee,Google, XL,Apparel,24
586,Google Crewneck Sweatshirt Navy,Google, XS,Apparel,44
587,Google Youth FC Longsleeve Charcoal,Google, SM,Apparel,24
588,Google Toddler Hero Tee Black,Google, 5/6T,Apparel,13
589,Google Youth FC Longsleeve Charcoal,Google, LG,Apparel,30
590,Google Large Pet Leash (Blue/Green),Google,Single Option Only,Accessories,28
591,Stan and Friends Toddler Tee Green,Google, 4T,Apparel,14
592,Google Toddler Hero Tee Olive,Google, 4T,Apparel,19
593,YouTube Icon Tee Charcoal,YouTube, SM,Apparel,22
594,Google Men's Tech Fleece Grey,Google, 2XL,Apparel,71
595,Google F/C Longsleeve Charcoal,Google, 2XL,Apparel,24
596,Google Toddler Hero Tee Black,Google, 3T,Apparel,13
597,Android Pocket Toddler Tee Navy,Android, 3T,Apparel,18
598,Google SF Campus Lapel Pin,Google,Single Option Only,Campus Collection,3
599,Google Mural Tote,Google,Single Option Only,Bags,14
600,Google Totepak,Google,Single Option Only,New,19
601,Google NYC Campus Zip Hoodie,Google, SM,Campus Collection,32
602,Google Badge Heavyweight Pullover Black,Google, 2XL,Apparel,46
603,Google Women's Puff Jacket Black,Google, 2XL,Apparel,92
604,Google Youth Hero Tee Maroon,Google, XL,Apparel,19
605,Google Youth FC Tee Charcoal,Google, XL,Apparel,20
606,Google Mountain View Campus Zip Hoodie,Google, XS,Campus Collection,32
607,Google LA Campus Zip Hoodie,Google, XS,Clearance,32
608,Google Mountain View Campus Ladies Tee,Google, 2XL,Campus Collection,18
609,Google Red Speckled Tee,Google, XS,Apparel,24
610,Google Austin Campus Lapel Pin,Google,Single Option Only,Campus Collection,3
611,Android Garden Tee Orange,Android, MD,Apparel,16
612,Google Chicago Campus Zip Hoodie,Google, MD,Campus Collection,32
613,Google Youth Badge Tee Navy,Google, MD,Apparel,13
614,Google Beekeepers Toddler Tee Pink,Google, 4T,Apparel,14
615,Google Boulder Campus Bottle,Google,Single Option Only,Campus Collection,11
616,Google SF Campus Zip Hoodie,Google, MD,Clearance,41
617,Google NYC Campus Ladies Tee,Google, LG,Campus Collection,14
618,Google NYC Campus Unisex Tee,Google, SM,Campus Collection,14
619,Google Youth Hero Tee Grey,Google, LG,Apparel,24
620,Google Women's Softshell Moss,Google, MD,Apparel,79
621,Google Boulder Campus Unisex Tee,Google, MD,Clearance,14
622,Google Land & Sea French Terry Sweatshirt,Google, XL,Shop by Brand,44
623,Google Mountain View Campus Ladies Tee,Google, XL,Campus Collection,14
624,Google Tee Mint Green,Google, 3XL,Apparel,14
625,Google Boulder Campus Ladies Tee,Google, LG,Clearance,14
626,Google Boulder Campus Zip Hoodie,Google, XL,Clearance,32
627,Google Sunnyvale Campus Zip Hoodie,Google, XS,Campus Collection,32
628,Google PNW Campus Zip Hoodie,Google, SM,Clearance,32
629,Google Toddler Hero Tee Olive,Google, 3T,Apparel,19
630,Android Pocket Toddler Tee Navy,Android, 5/6T,Apparel,18
631,Google Toddler Hero Tee Olive,Google, 5/6T,Apparel,19
632,Stan and Friends Youth Tee Green,Google, XL,Apparel,14
633,Google Boulder Campus Ladies Tee,Google, SM,Clearance,14
634,Stan and Friends Youth Tee Green,Google, LG,Apparel,14
635,Google Men's Puff Jacket Black,Google, 2XL,Apparel,92
636,Flamingo and Friends Tee Blue,Google, 2XL,Apparel,16
637,Google Medium Pet Leash (Blue/Green),Google,Single Option Only,Accessories,28
638,Google Men's Puff Jacket Black,Google, 3XL,Apparel,115
639,Google Sherpa Vest Black,Google, SM,Apparel,63
640,Essential Canvas Tote,Google,Single Option Only,New,32
641,Google Tudes Thermal Bottle,Google,Single Option Only,Drinkware,40
642,Google Heather Green Speckled Tee,Google, 2XL,Apparel,21
643,Google Tee Grey,Google, XS,Uncategorized Items,11
644,Google Crewneck Sweatshirt Green,Google, 3XL,Apparel,44
645,Google Women's Tech Fleece Vest Charcoal,Google, SM,Apparel,44
646,YouTube Small Sticker Sheet,YouTube,Single Option Only,Accessories,2
647,Google Large Pet Collar (Red/Yellow),Google,Single Option Only,Accessories,35
648,Super G Unisex Joggers,Google, 2XL,Shop by Brand,37
649,Google Men's Tech Fleece Vest Charcoal,Google, LG,Apparel,79
650,Android Pocket Onesie Navy,Android, 3/6 MONTHS,Apparel,18
651,Google Crewneck Sweatshirt Grey,Google, MD,Uncategorized Items,44
652,Google Tee Mint Green,Google, XS,Apparel,14
653,Google Women's Softshell Moss,Google, SM,Apparel,79
654,YouTube Icon Tee Charcoal,YouTube, XS,Apparel,22
655,Google Women's Tech Fleece Grey,Google, XL,Apparel,71
656,Google Chicago Campus Zip Hoodie,Google, LG,Campus Collection,32
657,Google Cambridge Campus Zip Hoodie,Google, LG,Campus Collection,32
658,Google Sunnyvale Campus Zip Hoodie,Google, XL,Campus Collection,32
659,Google Men's Tech Fleece Vest Charcoal,Google, 3XL,Apparel,79
660,Stainless Bent Straw/Cleaner,Google,Single Option Only,Clearance,2
661,Google NYC Campus Zip Hoodie,Google, XS,Campus Collection,32
662,Google Beekeepers Onesie Pink,Google, 24M,Apparel,14
663,Google LA Campus Zip Hoodie,Google, XL,Clearance,41
664,Google Tee Yellow,Google, 3XL,Clearance,9
665,#IamRemarkable Unisex Hoodie,#IamRemarkable, 2XL,Apparel,26
666,Google Infant Hero Tee Olive,Google, 18/24 MONTHS,Apparel,14
667,Google Cambridge Campus Unisex Tee,Google, 3XL,Campus Collection,14
668,Google LA Campus Unisex Tee,Google, 3XL,Clearance,14
669,Google Boulder Campus Unisex Tee,Google, SM,Clearance,14
670,YouTube Icon Tee Grey,YouTube, XS,Apparel,18
671,Google Boulder Campus Unisex Tee,Google, XS,Clearance,14
672,Google Austin Campus Ladies Tee,Google, XL,Campus Collection,14
673,Google Kirkland Campus Ladies Tee,Google, LG,Clearance,14
674,Google PNW Campus Unisex Tee,Google, XS,Clearance,14
675,Google LA Campus Zip Hoodie,Google, SM,Clearance,32
676,Google Boulder Campus Lapel Pin,Google,Single Option Only,Campus Collection,3
677,Google PNW Campus Ladies Tee,Google, MD,Clearance,14
678,Google Mountain View Campus Ladies Tee,Google, LG,Campus Collection,14
679,Google Youth Hero Tee Maroon,Google, LG,Apparel,19
680,Google Navy Speckled Tee,Google, LG,Apparel,24
681,Google Beekeepers Onesie Pink,Google, 6M,Apparel,14
682,Google Men's Tech Fleece Vest Charcoal,Google, XL,Apparel,63
683,Google LA Campus Unisex Tee,Google, MD,Clearance,14
684,Android Pocket Youth Tee Navy,Android, LG,Apparel,25
685,Google LA Campus Unisex Tee,Google, XL,Clearance,14
686,Android Iconic Crewneck Sweatshirt,Android, 3XL,Apparel,44
687,Android Pocket Tee Navy,Android, SM,Apparel,23
688,Google Women's Pride Eco-Tee Black,Google, XL,Apparel,12
689,Google Bottle Cleaner,Google,Single Option Only,Drinkware,8
690,Google LA Campus Ladies Tee,Google, MD,Clearance,14
691,Google Beekeepers Tee Mint,Google, LG,Apparel,18
692,Android Pocket Youth Tee Green,Android, LG,Apparel,25
693,Google Men's Tech Fleece Vest Charcoal,Google, 2XL,Apparel,63
694,Google Men's Tech Fleece Grey,Google, 3XL,Apparel,89
695,Google Men's Puff Jacket Black,Google, SM,Apparel,92
696,Stan and Friends Onesie Green,Google, 18/24 MONTHS,Apparel,14
697,Stan and Friends Tee Green,Google, XL,Apparel,18
698,Google Sherpa Vest Black,Google, MD,Apparel,63
699,Google SF Campus Zip Hoodie,Google, SM,Clearance,32
700,Google Tudes Recycled Tee,Google, SM,Apparel,24
701,Google Land & Sea Women's Eco Tee,Google, 2XL,Apparel,20
702,Womens Google Striped LS,Google, XL,Apparel,16
703,Google Tudes Recycled Tee,Google, 3XL,Apparel,24
704,Stan and Friends Tee Green,Google, SM,Apparel,14
705,Google Navy Speckled Tee,Google, XS,Apparel,24
706,Google Land & Sea French Terry Sweatshirt,Google, 2XL,Shop by Brand,44
707,Android Pocket Tee Green,Android, XL,Apparel,23
708,Google Sherpa Vest Black,Google, XS,Apparel,63
709,Google Campus Bike Eco Tee Navy,Google, 3XL,Apparel,20
710,Google Chicago Campus Ladies Tee,Google, LG,Campus Collection,14
711,Google Land & Sea French Terry Sweatshirt,Google, MD,Shop by Brand,44
712,Unisex Google Pocket Tee Grey,Google, MD,Apparel,16
713,Google Women's Ringer Tee,Google, LG,Apparel,14
714,Google Boulder Campus Zip Hoodie,Google, 2XL,Clearance,32
715,Google Women's Eco Tee Black,Google, MD,Apparel,18
716,Google Women's Tech Fleece Vest Charcoal,Google, XL,Apparel,44
717,Google Women's Microfleece Jacket Black,Google, LG,Uncategorized Items,60
718,Google Raincoat Navy,Google, SM,Apparel,96
719,Google Cambridge Campus Ladies Tee,Google, LG,Campus Collection,18
720,Google Women's Microfleece Jacket Black,Google, MD,Uncategorized Items,60
721,Google Austin Campus Zip Hoodie,Google, XS,Campus Collection,32
722,Google NYC Campus Zip Hoodie,Google, 3XL,Campus Collection,32
723,Google Kirkland Campus Unisex Tee,Google, 3XL,Clearance,14
724,Google PNW Campus Bottle,Google,Single Option Only,Campus Collection,11
725,Google Land & Sea Mug,Google,Single Option Only,Shop by Brand,14
726,Google Unisex Eco Tee Black,Google, 2XL,Uncategorized Items,18
727,Google Tee F/C Black,Google, XS,Uncategorized Items,12
728,YouTube Icon Tee Charcoal,YouTube, LG,Apparel,18
729,Google Youth FC Zip Hoodie,Google, MD,Apparel,36
730,Google Cambridge Campus Unisex Tee,Google, 2XL,Campus Collection,18
731,Google Mountain View Tee Red,Google, XS,Apparel,14
732,Google Women's Softshell Moss,Google, XL,Apparel,79
733,Google Seattle Campus Unisex Tee,Google, SM,Clearance,14
734,Google PNW Campus Ladies Tee,Google, SM,Clearance,14
735,Google Chicago Campus Zip Hoodie,Google, XL,Campus Collection,32
736,Google Sunnyvale Campus Unisex Tee,Google, SM,Campus Collection,14
737,Google Women's Pride Eco-Tee Black,Google, LG,Apparel,12
738,Google Black Cloud Zip Hoodie,Google Cloud, XS,Apparel,55
739,Google Women's Discovery Lt. Rain Shell,Google, XS,Apparel,49
740,Google Sunnyvale Campus Zip Hoodie,Google, MD,Campus Collection,32
741,Google Sunnyvale Campus Zip Hoodie,Google, 2XL,Campus Collection,32
742,Google Chicago Campus Ladies Tee,Google, SM,Campus Collection,14
743,Google Boulder Campus Zip Hoodie,Google, LG,Clearance,32
744,Flamingo and Friends Tee Blue,Google, XS,Apparel,16
745,YouTube Icon Tee Grey,YouTube, 3XL,Apparel,18
746,Google Austin Campus Unisex Tee,Google, XS,Campus Collection,14
747,Google Beekeepers Tee Mint,Google, XL,Apparel,14
748,Gift Card - $50.00,Google,Single Option Only,Gift Cards,50
749,Google Women's Grid Zip-Up,Google, 3XL,Apparel,63
750,Google Boulder Campus Ladies Tee,Google, MD,Clearance,14
751,Google Mountain View Campus Zip Hoodie,Google, 2XL,Campus Collection,32
752,Google LA Campus Ladies Tee,Google, LG,Clearance,14
753,Google LA Campus Ladies Tee,Google, 2XL,Clearance,14
754,Google Youth Badge Tee Navy,Google, XL,Apparel,17
755,Google Dino Game Tee,Google, 3XL,Apparel,32
756,Unisex Google Pocket Tee Grey,Google, XS,Apparel,16
757,Android Pocket Youth Tee Navy,Android, SM,Apparel,20
758,Google Land & Sea French Terry Sweatshirt,Google, 2XL,Shop by Brand,55
759,Android Iconic Bottle Black,Android,Single Option Only,New,24
760,Google Split Seam Tee Olive,Google, 2XL,Apparel,21
761,Google Kirkland Campus Ladies Tee,Google, 2XL,Clearance,14
762,Google Light Pen Yellow,Google,Single Option Only,Writing Instruments,2
763,Android Pocket Youth Tee Green,Android, SM,Apparel,25
764,Google Cambridge Campus Zip Hoodie,Google, SM,Campus Collection,32
765,Google Toddler Hero Tee Black,Google, 4T,Apparel,13
766,Android Puzzlebot v2,Android,Single Option Only,Accessories,16
767,Google PNW Campus Ladies Tee,Google, LG,Clearance,18
768,Google Dino Game Tee,Google, MD,Apparel,32
769,Google PNW Campus Ladies Tee,Google, 2XL,Clearance,18
770,Google Crewneck Sweatshirt Grey,Google, SM,Uncategorized Items,44
771,Google PNW Campus Ladies Tee,Google, XL,Clearance,14
772,Google Boulder Campus Zip Hoodie,Google, XS,Clearance,32
773,Flamingo and Friends Tee Blue,Google, LG,Apparel,16
774,Google SF Campus Ladies Tee,Google, 2XL,Clearance,14
775,Google Crewneck Sweatshirt Grey,Google, 3XL,Uncategorized Items,55
776,Google Women's Tech Fleece Vest Charcoal,Google, 2XL,Apparel,55
777,Android Iconic Crewneck Sweatshirt,Android, 2XL,Apparel,44
778,Google Tudes Recycled Tee,Google, XS,Apparel,24
779,Android Pocket Tee Green,Android, XS,Apparel,23
780,Gift Card- $100.00,Google,Single Option Only,Gift Cards,100
781,Google Tee Red,Google, 3XL,Clearance,9
782,Google Mountain View Campus Zip Hoodie,Google, SM,Campus Collection,32
783,Google Boulder Campus Ladies Tee,Google, 2XL,Clearance,14
784,Google SF Campus Zip Hoodie,Google, XL,Clearance,41
785,Google Youth F/C Pullover Hoodie,Google, LG,Apparel,32
786,Stan and Friends Tee Green,Google, 2XL,Apparel,18
787,Flamingo and Friends Tee Blue,Google, XL,Apparel,16
788,Android Pocket Tee Navy,Android, XS,Apparel,23
789,Google Separating Keyring,Google,Single Option Only,Accessories,6
790,Android Garden Tee Orange,Android, 3XL,Apparel,20
791,Android Pocket Youth Tee Green,Android, XL,Apparel,20
792,Android Pocket Tee Green,Android, SM,Apparel,23
793,Google Beekeepers Youth Tee Pink,Google, LG,Apparel,14
794,Android Pocket Toddler Tee White,Android, 3T,Apparel,18
795,Google NYC Campus Ladies Tee,Google, 2XL,Campus Collection,14
796,Google Chicago Campus Unisex Tee,Google, SM,Campus Collection,14
797,Google Men's Discovery Lt. Rain Shell,Google, 3XL,Uncategorized Items,49
798,Google Kirkland Campus Lapel Pin,Google,Single Option Only,Campus Collection,3
799,Google Cotopaxi Shell,Google, XXS,Apparel,38
800,Google Cambridge Campus Unisex Tee,Google, SM,Campus Collection,18
801,Android Garden Tee Orange,Android, XS,Apparel,16
802,Google Tee F/C Black,Google, 2XL,Uncategorized Items,12
803,Google Heather Green Speckled Tee,Google, XS,Apparel,24
804,Google Chicago Campus Unisex Tee,Google, 3XL,Campus Collection,14
805,Google NYC Campus Zip Hoodie,Google, 2XL,Campus Collection,32
806,Google Boulder Campus Unisex Tee,Google, 3XL,Clearance,14
807,Unisex Google Jumbo Print Tee White,Google, XL,Apparel,12
808,YouTube Standards Zip Hoodie Black,YouTube, LG,Apparel,48
809,Google Land & Sea French Terry Sweatshirt,Google, SM,Shop by Brand,55
810,Google Chicago Campus Zip Hoodie,Google, SM,Campus Collection,41
811,Google SF Campus Zip Hoodie,Google, XS,Clearance,32
812,Google Raincoat Navy,Google, 3XL,Apparel,120
813,Google Crewneck Sweatshirt Navy,Google, 3XL,Apparel,55
814,Google Land & Sea Unisex Tee,Google, XL,Apparel,20
815,Google Split Seam Tee Olive,Google, XS,Apparel,26
816,Google Women's Microfleece Jacket Black,Google, XS,Uncategorized Items,60
817,Android Cardboard Sculpture,Android,Single Option Only,Accessories,14
818,Gift Card - $10.00,Google,Single Option Only,Gift Cards,10
819,Google Land & Sea Unisex Tee,Google, 3XL,Apparel,25
820,Google Sherpa Vest Black,Google, 3XL,Apparel,63
821,Google Youth FC Zip Hoodie,Google, LG,Apparel,36
822,Google Navy Speckled Tee,Google, 3XL,Apparel,24
823,Google Confetti Tote White,Google,Single Option Only,Bags,10
824,YouTube Standards Zip Hoodie Black,YouTube, SM,Apparel,60
825,YouTube Standards Zip Hoodie Black,YouTube, XS,Apparel,60
826,YouTube Standards Zip Hoodie Black,YouTube, 3XL,Apparel,60
827,YouTube Standards Zip Hoodie Black,YouTube, 2XL,Apparel,60
828,Google Badge Heavyweight Pullover Black,Google,LG,Apparel,58
829,Stan and Friends Youth Tee Green,Google,LG,Apparel,25
830,Google F/C Long Sleeve Tee Charcoal,Google,LG,Apparel,30
831,Google Land & Sea Women's Eco Tee,Google,MD,Apparel,25
832,Google F/C Long Sleeve Tee Ash,Google,LG,Apparel,30
833,Google Beekeepers Tee Mint,Google,MD,Apparel,25
834,Google Black Cloud Zip Hoodie,Google Cloud,MD,Apparel,69
835,Google Black Cloud Zip Hoodie,Google Cloud,,Apparel,69
836,Google Lightweight Crew Sweatshirt Grey,Google,MD,Apparel,62
837,Google Women's Kirkland Pullover,Google,,Apparel,63
838,Google Infant Charcoal Onesie,Google,6/12 MONTHS,Apparel,25
839,Android Pocket Onesie White,Android,,Apparel,22
840,Android Pocket Onesie Navy,Android,,Apparel,22
841,Google Beekeepers Onesie Pink,Google,,Apparel,25
842,Google Infant Hero Onesie Grey,Google,,Apparel,25
843,Google Infant Hero Tee Olive,Google,,Apparel,25
844,Google Infant Hero Onesie Grey,Google,3/6 MONTHS,Apparel,25
845,Google Crew Striped Athletic Sock,Google,,Apparel,17
846,Google Mural Socks,Google,,New,15
847,Google Crew Combed Cotton Sock,Google,,Apparel,17
848,Android Iconic Socks,Android,,New,17
849,YouTube Crew Socks,YouTube,,Apparel,16
850,Google Incognito Flap Pack,Google,,Bags,75
851,Google Utility BackPack,Google,,Bags,120
852,Android Iconic Backpack,Android,,New,25
853,Google Campus Bike Mini Backpack,Google,,Lifestyle,40
854,Google Incognito Zip Pack,Google,,Bags,76
855,Google SF Campus Ladies Tee,Google,,Clearance,25
856,Google SF Campus Bottle,Google,,Campus Collection,20
857,Google SF Campus Lapel Pin,Google,,Campus Collection,6
858,Google SF Campus Ladies Tee,Google,MD,Clearance,25
859,Google SF Campus Zip Hoodie,Google,,Clearance,58
860,Google SF Campus Unisex Tee,Google,,Clearance,25
861,Google Badge Heavyweight Pullover Black,Google,,Apparel,58
862,Google Land & Sea French Terry Sweatshirt,Google,,Shop by Brand,55
863,#IamRemarkable Unisex Hoodie,#IamRemarkable,,Apparel,32
864,Google Crewneck Sweatshirt Green,Google,,Apparel,55
865,Google Crewneck Sweatshirt Green,Google,LG,Apparel,55
866,Android Iconic Crewneck Sweatshirt,Android,,Apparel,55
867,Google Crewneck Sweatshirt Grey,Google,,Uncategorized Items,55
868,Google Crewneck Sweatshirt Navy,Google,LG,Apparel,55
869,Google Crewneck Sweatshirt Grey,Google,MD,Uncategorized Items,55
870,Google Austin Campus Mug,Google,,Campus Collection,12
871,Google Austin Campus Tote,Google,,Campus Collection,11
872,Google Austin Campus Unisex Tee,Google,,Campus Collection,25
873,Google Austin Campus Zip Hoodie,Google,XL,Campus Collection,58
874,Google Austin Campus Bottle,Google,,Campus Collection,20
875,Google Austin Campus Ladies Tee,Google,,Campus Collection,25
876,Google Austin Campus Zip Hoodie,Google,,Campus Collection,58
877,Google NYC Campus Mug,Google,,Campus Collection,12
878,Google NYC Campus Bottle,Google,,Campus Collection,20
879,Google NYC Campus Unisex Tee,Google,,Campus Collection,25
880,Google NYC Campus Ladies Tee,Google,,Campus Collection,25
881,Google NYC Campus Sticker,Google,,Campus Collection,2
882,Google NYC Campus Zip Hoodie,Google,,Campus Collection,58
883,Google Chicago Campus Zip Hoodie,Google,,Campus Collection,58
884,Google Chicago Campus Bottle,Google,,Campus Collection,20
885,Google Chicago Campus Unisex Tee,Google,,Campus Collection,25
886,Google Chicago Campus Mug,Google,,Campus Collection,12
887,Google Chicago Campus Ladies Tee,Google,,Campus Collection,25
888,Google Chicago Campus Tote,Google,,Campus Collection,11
889,Google Chicago Campus Unisex Tee,Google,MD,Campus Collection,25
890,Google Cambridge Campus Tote,Google,,Campus Collection,11
891,Google Cambridge Campus Sticker,Google,,Campus Collection,2
892,Google Cambridge Campus Mug,Google,,Campus Collection,12
893,Google Cambridge Campus Bottle,Google,,Campus Collection,20
894,Google Cambridge Campus Unisex Tee,Google,,Campus Collection,25
895,Google Cambridge Campus Zip Hoodie,Google,,Campus Collection,58
896,Google Cambridge Campus Ladies Tee,Google,,Campus Collection,25
897,Google LA Campus Bottle,Google,,Campus Collection,20
898,Google LA Campus Unisex Tee,Google,,Clearance,25
899,Google LA Campus Tote,Google,,Campus Collection,11
900,Google LA Campus Zip Hoodie,Google,,Clearance,58
901,Google LA Campus Unisex Tee,Google,LG,Clearance,25
902,Google LA Campus Mug,Google,,Campus Collection,12
903,Google LA Campus Sticker,Google,,Campus Collection,2
904,Google LA Campus Ladies Tee,Google,,Clearance,25
905,Google Sunnyvale Campus Mug,Google,,Campus Collection,12
906,Google Boulder Campus Mug,Google,,Campus Collection,12
907,Google PNW Campus Mug,Google,,Campus Collection,12
908,Google Seattle Campus Mug,Google,,Campus Collection,12
909,Google Kirkland Campus Mug,Google,,Campus Collection,12
910,Google Emoji Sticker Pack,Google,,Accessories,5
911,Google Mural Sticker Sheet,Google,,Small Goods,3
912,Keyboard DOT Sticker,Google,,Office,2
913,Android Iconic Sticker Sheet,Android,,New,3
914,Android Iconic 4&quot; Decal,Android,,New,2
915,Android Large Removable Sticker Sheet,Android,,Accessories,3
916,YouTube Small Sticker Sheet,YouTube,,Accessories,3
917,Google Pride Sticker,Google,,Shop by Brand,1
918,Google Decal,Google,,Stationery,1
919,Android SM S/F18 Sticker Sheet,Android,,Accessories,3
920,Stainless Straight Straw/Cleaner,Google,,New,4
921,Google Perk Thermal Tumbler,Google,,Lifestyle,20
922,Google KeepCup,Google,,New,35
923,YouTube Play Mug,YouTube,,Lifestyle,13
924,Google Thermal Tumbler Navy,Google,,Drinkware,18
925,Google Camp Mug Ivory,Google,,Drinkware,13
926,Google Mural Mug,Google,,Drinkware,17
927,Google Campus Bike Corkbase Mug Blue,Google,,Lifestyle,17
928,Android Iconic Mug Gray,Android,,New,17
929,Stainless Bent Straw/Cleaner,Google,,Clearance,4
930,Google Men's Tech Fleece Grey,Google,,Apparel,89
931,Google Zip Hoodie F/C,Google,,Apparel,60
932,Google Men's Softshell Moss,Google,,Apparel,99
933,Google Men's Tech Fleece Vest Charcoal,Google,,Apparel,79
934,Google Cotopaxi Shell,Google,,Apparel,95
935,Google Sherpa Zip Hoodie Charcoal,Google,,Apparel,69
936,Google Men's Puff Jacket Black,Google,,Apparel,115
937,Google Raincoat Navy,Google,,Apparel,120
938,Google Sherpa Zip Hoodie Navy,Google,,Apparel,69
939,YouTube Standards Zip Hoodie Black,YouTube,,Apparel,60
940,Google Men's Puff Jacket Black,Google,LG,Apparel,115
941,Google Men's Tech Fleece Grey,Google,LG,Apparel,89
942,Google Sherpa Zip Hoodie Charcoal,Google,LG,Apparel,69
943,Google Zip Hoodie F/C,Google,LG,Apparel,60
944,Google Sherpa Zip Hoodie Navy,Google,LG,Apparel,69
945,Google Tudes Recycled Tee,Google,,Apparel,30
946,Google Campus Bike Eco Tee Navy,Google,,Apparel,25
947,Google Crewneck Sweatshirt Navy,Google,,Apparel,55
948,Google F/C Long Sleeve Tee Ash,Google,,Apparel,30
949,YouTube Icon Tee Charcoal,YouTube,,Apparel,22
950,Google Navy Speckled Tee,Google,,Apparel,30
951,YouTube Icon Tee Grey,YouTube,,Apparel,22
952,Google Red Speckled Tee,Google,,Apparel,30
953,Google Land & Sea Cotton Cap,Google,,Apparel,17
954,Supernatural Paper Backpack,Google,,Bags,58
955,Google Land & Sea Mug,Google,,Shop by Brand,17
956,Google Mountain View Campus Unisex Tee,Google,,Campus Collection,25
957,Google Blue Stojo Cup,Google,,Shop by Brand,25
958,Google Land & Sea Journal Set,Google,,New,15
959,Google Land & Sea Women's Eco Tee,Google,,Apparel,25
960,Google Land & Sea Unisex Tee,Google,,Apparel,25
961,Google Land & Sea Tote Bag,Google,,Bags,20
962,Google Land & Sea Tech Taco,Google,,Shop by Brand,4
963,Google Land & Sea Nalgene Water Bottle,Google,,Drinkware,25
964,Google Packable Bag Black,Google,,Bags,20
965,Google Camp Mug Gray,Google,,Shop by Brand,13
966,Google 16 oz Tumbler Blue,Google,,Drinkware,13
967,Google Large Tote White,Google,,Bags,13
968,Google Red Kids Sunglasses,Google,,Accessories,5
969,Google Sunglasses,Google,,Uncategorized Items,4
970,Google Canteen Bottle Black,Google,,Drinkware,24
971,Google Glass Bottle,Google,,Lifestyle,23
972,YouTube Women's Favorite Tee White,YouTube,,Uncategorized Items,22
973,Android Super Hero 3D Framed Art,Android,,Accessories,40
974,Google Tee Green,Google,,Clearance,22
975,Google Tee Yellow,Google,,Clearance,22
976,Google Women's Striped L/S,Google,,Apparel,29
977,Android Small Trace Journal Black,Android,,Notebooks & Journals,13
978,Android Large Trace Journal Black,Android,,Notebooks & Journals,16
979,Google Tee Yellow,Google,XL,Clearance,22
980,Google Small Standard Journal Navy,Google,,Lifestyle,13
981,Android Techie 3D Framed Art,Android,,Accessories,40
982,Google Tee Blue,Google,,Uncategorized Items,11
983,Google Cork Base Tumbler,Google,,New,28
984,Android Iconic Glass Bottle Green,Android,,Clearance,24
985,Google Mural Bottle,Google,,Drinkware,24
986,Google Woodtop Bottle Black,Google,,New,30
987,#IamRemarkable Water Bottle,#IamRemarkable,,Drinkware,15
988,Google Campus Bike Bottle,Google,,Lifestyle,27
989,Google Bottle Cleaner,Google,,Drinkware,10
990,Google Cup Cap Tumbler Grey,Google,,New,30
991,Google Women's Microfleece Jacket Black,Google,,Uncategorized Items,75
992,Google Youth FC Tee Charcoal,Google,,Apparel,25
993,Google Speckled Beanie Navy,Google,,New,20
994,Google Toddler FC Tee Charcoal,Google,,Apparel,25
995,#IamRemarkable Unisex T-Shirt,#IamRemarkable,,Apparel,12
996,Google Youth FC Longsleeve Charcoal,Google,,Apparel,30
997,Android Iconic Hat Green,Android,,New,16
998,Stan and Friends Onesie Green,Google,,Apparel,25
999,Google 24oz Ring Bottle Blue,Google,,Google,7
1000,Google 24 oz Ring Bottle Red,Google,,Google,7
1001,YouTube 25 oz Gear Cap Bottle Black,YouTube,,Drinkware,27
1002,Google Recycled Pen Green,Google,,New,2
1003,Google Super G Tumbler (Red Lid),Google,,Lifestyle,28
1004,Google Jotter Task Pad,Google,,Shop by Brand,3
1005,Google Recycled Pen Black,Google,,New,2
1006,Google Super G Tumbler (Blue Lid),Google,,Lifestyle,28
1007,Android Jotter Task Pad,Android,,Shop by Brand,3
1008,YouTube Jotter Task Pad,YouTube,,Shop by Brand,3
1009,Google Metallic Notebook Set,Google,,Office,6
1010,Google Clear Pen 4-Pack,Google,,Office,5
1011,Google Laptop and Cell Phone Stickers,Google,,Google,3
1012,Google Pen White,Google,,Office,2
1013,Google Cloud Pen,Google,,Shop by Brand,3
1014,Google Light Pen Blue,Google,,Writing Instruments,3
1015,Google Light Pen Red,Google Cloud,,Writing Instruments,2
1016,Google Confetti Slim Task Pad,Google,,Office,6
1017,Android Buoy Bottle,Android,,Drinkware,8
1018,Google Aluminum Bottle Red,Google,,Shop by Brand,8
1019,Google Recycled Writing Set,Google Cloud,,Clearance,4
1020,Google Mesh Bag Blue,Google,,Bags,6
1021,Google Campus Bike Tote Navy,Google,,Bags,11
1022,Google Campus Bike Carry Pouch,Google,,Bags,8
1023,Google Confetti Accessory Pouch,Google,,Bags,12
1024,Google Mesh Bag Red,Google,,Bags,6
1025,Google Laptop Sleeve Charcoal,Google,,Accessories,20
1026,Google Incognito Messenger Bag,Google,,Bags,75
1027,Google Flat Front Bag Grey,Google,,Bags,30
1028,Google Utility Bag Grey,Google,,Bags,10
1029,Super G Unisex Joggers,Google,SM,Shop by Brand,37
1030,Google Phone Stand Bamboo,Google,,Small Goods,5
1031,Google Cloth & Pouch Black,Google,,Accessories,4
1032,Google See-No Hear-No Set,Google,,Electronics Accessories,12
1033,Google LoveHandle Black,Google,,New,10
1034,Android Iconic Pin,Android,,New,4
1035,Google Small Cable Organizer Blue,Google,,Accessories,3
1036,Google Mouse Pad Navy,Google,,Accessories,5
1037,Noogler Android Figure,Android,,Accessories,16
1038,Google Tech Taco,Google,,New,4
1039,Google Split Seam Tee Olive,Google,,Apparel,26
1040,Google Heathered Pom Beanie,Google,,New,15
1041,Google Leather Strap Hat Black,Google,,Apparel,17
1042,YouTube Leather Strap Hat Black,YouTube,,Apparel,17
1043,Google Leather Strap Hat Blue,Google,,Apparel,17
1044,Android Iconic Hat White,Android,,New,16
1045,Android Iconic Hat Black,Android,,Clearance,16
1046,Google Speckled Beanie Grey,Google,,New,20
1047,Android Iconic Beanie,Android,,New,10
1048,Google Keychain,Google,,Small Goods,8
1049,White Google Shoreline Bottle,Google,,Drinkware,26
1050,Google Felt Luggage Tag,Google,,Clearance,6
1051,Google Beekeepers Tee Mint,Google,,Apparel,25
1052,Google Women's Tech Fleece Vest Charcoal,Google,,Apparel,44
1053,Google Women's Grid Zip-Up,Google,,Apparel,63
1054,Google Women's Puff Jacket Black,Google,,Apparel,115
1055,Android Garden Tee Orange,Android,,Apparel,29
1056,#IamRemarkable Ladies T-Shirt,#IamRemarkable,,Apparel,12
1057,Stan and Friends Tee Green,Google,,Apparel,25
1058,Google Heather Green Speckled Tee,Google,,Apparel,30
1059,Google Light Pen Green,Google,,Writing Instruments,3
1060,Google Pen Grass Green,Google,,Stationery,2
1061,Google Pen Grey,Google,,Office,2
1062,Google Pen Citron,Google,,Clearance,2
1063,Google Stylus Pen w/ LED Light,Google,,Office,6
1064,#IamRemarkable Pen,#IamRemarkable,,Writing Instruments,17
1065,Google Pen Bright Blue,Google,,Stationery,2
1066,Google Tee Red,Google,,Clearance,11
1067,Google Tee Dark Blue,Google,,Apparel,18
1068,Google Eco Tee Black,Google,,Apparel,22
1069,Google Navy Speckled Tee,Google,MD,Apparel,30
1070,Android Pocket Tee Navy,Android,,Apparel,29
1071,Google Dino Game Tee,Google,,Apparel,40
1072,Google Unisex Pride Eco-Tee Black,Google,,Apparel,22
1073,Google NYC Campus Lapel Pin,Google,,Campus Collection,6
1074,Super G Unisex Joggers,Google,,Shop by Brand,37
1075,Google Chrome Dino Light Up Water Bottle,Google,,Shop by Brand,24
1076,Google Bear Baby Blanket Beige,Google,,Shop by Brand,24
1077,Google Kids Playful Tee,Google,,Google,18
1078,YouTube Transmission Journal Red,YouTube,,Office,16
1079,YouTube Icon Tee Charcoal,YouTube,LG,Apparel,22
1080,YouTube Iconic Play Pin,YouTube,,New,8
1081,YouTube Twill Sandwich Cap Black,YouTube,,Apparel,13
1082,Google Sustainable Pencil Pouch,Google,,Clearance,10
1083,Google Hemp Tote,Google,,Clearance,15
1084,Google Magnet,Google,,Accessories,8
1085,Google F/C Long Sleeve Tee Charcoal,Google,,Apparel,30
1086,Google Soft Modal Scarf,Google,MD,Apparel,45
1087,Google Tee Green,Google,Choose Size,Clearance,22
1088,Android Iconic Pen,Android,,New,2
1089,Android Lumberjack Pin,Android,,Accessories,8
1090,Google Sunnyvale Campus Unisex Tee,Google,,Campus Collection,18
1091,Google Mural Notebook,Google,,Office,26
1092,Google Large Standard Journal Grey,Google,,Office,16
1093,Google Felt Refillable Journal,Google,,Clearance,28
1094,Google Campus Bike Grid Task Pad,Google,,Office,13
1095,Android Iconic Notebook,Google,,New,17
1096,Google Recycled Notebook Set Natural,Google,,Office,13
1097,Google Mural Sticky Note Pad,Google,,Office,20
1098,Google Confetti Task Pad,Google,,Office,11
1099,Google Youth Hero Tee Maroon,Google,,Apparel,24
1100,Google Toddler Hero Tee Black,Google,,Apparel,24
1101,Google Youth Hero Tee Grey,Google,,Apparel,24
1102,Google Youth Badge Tee Olive,Google,,Apparel,24
1103,Google Toddler Tee White,Google,,Apparel,24
1104,Google Youth Badge Tee Navy,Google,,Apparel,24
1105,Android Pocket Toddler Tee Navy,Android,,Apparel,23
1106,Android Pocket Onesie Navy,Android,3/6 MONTHS,Apparel,22
1107,Google Tee F/C Black,Google,,Uncategorized Items,15
1108,Google Sunnyvale Campus Sticker,Google,,Campus Collection,1
1109,Google Land & Sea French Terry Sweatshirt,Google,MD,Shop by Brand,55
1110,Flamingo and Friends Tee Blue,Google,,Apparel,20
1111,Google Tonal Tee Coral,Google,,Uncategorized Items,11
1112,Google Striped Penny Pouch,Google,,Bags,3
1113,Google Mountain View Campus Sticker,Google,,Campus Collection,1
1114,Google ApPeel Journal Red,Google,,New,19
1115,#IamRemarkable Journal,#IamRemarkable,,Stationery,8
1116,Google Black Cork Journal,Google,,New,12
1117,Google Campus Bike,Google,,Accessories,40
1118,Google Tudes Recycled Tee,Google,MD,Apparel,30
1119,Google Crew Socks,Google,,Apparel,16
1120,Google Lapel Pin,Google,,New,8
1121,Google Seattle Campus Sticker,Google,,Campus Collection,2
1122,Google Boulder Campus Sticker,Google,,Campus Collection,2
1123,Google Bellevue Campus Sticker,Google,,Campus Collection,2
1124,Google PNW Campus Sticker,Google,,Campus Collection,2
1125,Google Kirkland Campus Sticker,Google,,Campus Collection,2
1126,Google Tee Mint Green,Google,,Apparel,18
1127,Google Black Tee,Google,,Apparel,22
1128,Google Mountain View Tee Blue,Google,,Apparel,25
1129,Google Black Tee,Google,3XL,Apparel,22
1130,Google Pocket Tee Grey,Google,,Apparel,29
1131,Android Pocket Tee Green,Android,,Apparel,29
1132,Google Tee Grey,Google,,Uncategorized Items,22
1133,Google Tonal Tee Spearmint,Google,,Uncategorized Items,22
1134,Google Women's Black Tee,Google,,Apparel,22
1135,Google Women's Pride Eco-Tee Black,Google,,Apparel,22
1136,Google Jumbo Print Tee White,Google,,Apparel,29
1137,Google Toddler FC Tee Charcoal,Google,Choose Size,Apparel,25
1138,Google Cork Card Holder,Google,,Accessories,24
1139,Supernatural Paper Tote,Google,,Bags,28
1140,Supernatural Paper Lunch Sack,Google,,Eco-Friendly,24
1141,Google Cork Tablet Case,Google,,Accessories,30
1142,Google Cork Passport Holder,Google,,Accessories,28
1143,Google Cork Key Ring,Google,,Accessories,9
1144,Google Cork Pencil Pouch,Google,,New,8
1145,Google Tonal Tee Spearmint,Google,XS,Uncategorized Items,22
1146,Google Women's Grid Zip-Up,Google,Choose Size,Apparel,63
1147,Google Men's Discovery Lt. Rain Shell,Google,LG,Uncategorized Items,88
1148,Google Boulder Campus Zip Hoodie,Google,,Clearance,58
1149,Google Women's Discovery Lt. Rain Shell,Google,,Apparel,88
1150,Google Mens Microfleece Jacket Black,Google,,Uncategorized Items,75
1151,Google Mountain View Campus Zip Hoodie,Google,LG,Campus Collection,41
1152,Google Mens Microfleece Jacket Black,Google,LG,Uncategorized Items,75
1153,Google SF Campus Zip Hoodie,Google,LG,Clearance,58
1154,Google Sunnyvale Campus Zip Hoodie,Google,,Campus Collection,41
1155,Android Hipster Pin,Android,,Accessories,6
1156,Google Clear Framed Yellow Shades,Google,,Accessories,4
1157,Google Women's Eco Tee Black,Google,,Apparel,22
1158,Google Red Speckled Tee,Google,SM,Apparel,30
1159,Google Boulder Campus Ladies Tee,Google,,Clearance,18
1160,Google Clear Framed Gray Shades,Google,,Accessories,4
1161,Google Pen Lilac,Google,,Stationery,2
1162,Google Youth Jumbo Print Tee White,Google,,Apparel,18
1163,Google Lightweight Crew Sweatshirt Grey,Google,,Apparel,62
1164,Google Men's Discovery Lt. Rain Shell,Google,,Uncategorized Items,88
1165,Google Infant Charcoal Onesie,Google,,Apparel,25
1166,Google Pen Red,Google,,Stationery,2
1167,Google Toddler FC Zip Hoodie,Google,SM,Apparel,35
1168,Android Puzzlebot v2,Android,,Accessories,13
1169,Google Youth Badge Tee Olive,Google,SM,Apparel,24
1170,Google Infant Hero Tee Olive,Google,12/18 MONTHS,Apparel,25
1171,Android Pocket Toddler Tee Navy,Android,2T,Apparel,23
1172,YouTube Icon Tee Grey,YouTube,LG,Apparel,22
1173,Snowflake Android Cardboard Sculpture,Android,,Accessories,20
1174,Android Geek Pin,Android,,Accessories,8
1175,Google Sunglasses,Google,BLUE,Uncategorized Items,4
1176,Google Women's Eco Tee Black,Google,MD,Apparel,22
1177,Google Sunnyvale Campus Bottle,Google,,Campus Collection,11
1178,Google Sunnyvale Campus Tote,Google,,Campus Collection,6
1179,Google Blue Kids Sunglasses,Google,,Accessories,5
1180,Google Confetti Pen White,Google,,Office,2
1181,Google Premium Sunglasses,Google,,Accessories,20
1182,Google Toddler Tee White,Google,5/6T,Apparel,24
1183,Google Youth Badge Tee Navy,Google,LG,Apparel,24
1184,Google Youth FC Tee Charcoal,Google,XL,Apparel,25
1185,Google Youth Hero Tee Grey,Google,XL,Apparel,24
1186,Google Toddler Hero Tee Black,Google,4T,Apparel,24
1187,Google Beekeepers Toddler Tee Pink,Google,,Apparel,25
1188,Google Beekeepers Youth Tee Pink,Google,,Apparel,25
1189,Stan and Friends Youth Tee Green,Google,,Apparel,25
1190,Stan and Friends Toddler Tee Green,Google,,Apparel,25
1191,Stan and Friends Tee Green,Google,SM,Apparel,25
1192,Google Women's Puff Jacket Black,Google,SM,Apparel,115
1193,Google Sherpa Vest Black,Google,,Apparel,63
1194,Google Cork Journal,Google,,New,9
1195,Google Color Block Notebook,Google,,Stationery,12
1196,Maze Pen,Google,,Office,1
1197,Daddy Works at Google Book,Google,,Small Goods,20
1198,Google Chrome Dinosaur Collectible,Google,,Accessories,30
1199,Google Women's Softshell Moss,Google,,Apparel,99
1200,Google Women's Tech Fleece Grey,Google,XS,Apparel,71
1201,Google Women's Microfleece Jacket Black,Google,XS,Uncategorized Items,75
1202,Google Women's Striped L/S,Google,MD,Apparel,29
1203,Google Jumbo Print Tee White,Google,XS,Apparel,29
1204,Stan and Friends Onesie Green,Google,3/6 MONTHS,Apparel,25
1205,Google Beekeepers Onesie Pink,Google,NEWBORN,Apparel,25
1206,Google Kirkland Campus Ladies Tee,Google,SM,Clearance,25
1207,Google Kirkland Campus Ladies Tee,Google,,Clearance,25
1208,Google Kirkland Campus Lapel Pin,Google,,Campus Collection,6
1209,Android Pocket Toddler Tee White,Android,,Apparel,23
1210,Google Toddler Hero Tee Olive,Google,,Apparel,24
1211,Google NYC Campus Unisex Tee,Google,LG,Campus Collection,25
1212,#IamRemarkable Lapel Pin,#IamRemarkable,,Lifestyle,3
1213,#IamRemarkable Ladies T-Shirt,#IamRemarkable,,Apparel,12
1214,Google Campus Bike Eco Tee Navy,Google,XS,Apparel,25
1215,Google Youth F/C Pullover Hoodie,Google,,Apparel,40
1216,Android Pocket Youth Tee Navy,Android,,Apparel,25
1217,Android Pocket Youth Tee Green,Android,,Apparel,25
1218,Google Youth FC Zip Hoodie,Google,,Apparel,45
1219,Google Bot (Multicolored),Google,,Lifestyle,10
1220,Google Mountain View Campus Ladies Tee,Google,,Campus Collection,25
1221,Google Sunnyvale Campus Ladies Tee,Google,,Campus Collection,25
1222,Google Mini Kick Ball,Google,,Fun,2
1223,Google Knit Blanket,Google,,Lifestyle,88
1224,Android Iconic Crewneck Sweatshirt,Android,XS,Apparel,55
1225,Google Toddler FC Zip Hoodie,Google,,Apparel,35
1226,Google Heather Green Speckled Tee,Google,SM,Apparel,30
1227,Google Pen Neon Coral,Google,,Stationery,2
1228,Google Split Seam Tee Olive,Google,LG,Apparel,26
1229,Google Land & Sea Unisex Tee,Google,LG,Apparel,25
1230,Google Eco Tee Black,Google,LG,Apparel,22
1231,YouTube Standards Zip Hoodie Black,YouTube,XL,Apparel,60
1232,Google Dino Game Tee,Google,MD,Apparel,40
1233,Google Mountain View Tee Red,Google,,Apparel,14
1234,#IamRemarkable Unisex T-Shirt,#IamRemarkable,XL,Apparel,12
1235,Google Toddler Hero Tee Olive,Google,3T,Apparel,24
1236,Google Incognito Techpack V2,Google,,Bags,88
1237,Google Tee Blue,Google,XL,Uncategorized Items,22
1238,Google Women's Discovery Lt. Rain Shell,Google,LG,Apparel,88
1239,Google PNW Campus Zip Hoodie,Google,,Clearance,32
1240,Google Unisex Pride Eco-Tee Black,Google,LG,Apparel,22
1241,Google Cambridge Campus Unisex Tee,Google,LG,Campus Collection,25
1242,Google Cambridge Campus Zip Hoodie,Google,LG,Campus Collection,58
1243,Google Seattle Campus Lapel Pin,Google,,Campus Collection,6
1244,Google Seattle Campus Ladies Tee,Google,,Clearance,25
1245,Google SF Campus Tote,Google,,Campus Collection,11
1246,Google SF Campus Unisex Tee,Google,2XL,Clearance,25
1247,Google Sunnyvale Campus Unisex Tee,Google,XL,Campus Collection,25
1248,Google Boulder Campus Tote,Google,,Campus Collection,11
1249,Google Boulder Campus Bottle,Google,,Campus Collection,20
1250,Google Boulder Campus Unisex Tee,Google,,Clearance,25
1251,Google PNW Campus Unisex Tee,Google,,Clearance,25
1252,Google PNW Campus Tote,Google,,Campus Collection,11
1253,Google PNW Campus Lapel Pin,Google,,Campus Collection,6
1254,Google PNW Campus Bottle,Google,,Campus Collection,20
1255,Google PNW Campus Unisex Tee,Google,MD,Clearance,25
1256,Google PNW Campus Ladies Tee,Google,,Clearance,25
1257,Essential Canvas Tote,Google,,New,32
1258,Google Color Block Tote White,Google,,Bags,13
1259,Android Iconic Bottle Black,Android,,New,24
1260,Google Women's Ringer Tee,Google,,Apparel,14
1261,Google Women's Short Sleeve Hero Dark Grey,Google,LG,Apparel,19
1262,Google Women's Short Sleeve Hero Dark Grey,Google,,Apparel,19
1263,Google Clear Framed Blue Shades,Google,,Accessories,4
1264,Google Large White Gift Bag 5/PK,Google,,New,12
1265,Google Small White Gift Bag 5/PK,Google,,New,8
1266,#IamRemarkable Tote,#IamRemarkable,,Bags,8
1267,Google Austin Campus Lapel Pin,Google,,Campus Collection,3
1268,Google Seattle Campus Unisex Tee,Google,,Clearance,18
1269,Google Women's Tech Fleece Vest Charcoal,Google,2XL,Apparel,79
1270,Google Felt Strap Keyring,Google,,New,12
1271,Google Utensil Set,Google,,New,15
1272,Android Garden Tee Orange,Android,LG,Apparel,29
1273,Flamingo and Friends Tee Blue,Google,XL,Apparel,29
1274,Google Confetti Tote White,Google,,Bags,13
1275,Google Blue YoYo,Google,,New,3
1276,Google Frisbee,Google,,Shop by Brand,1
1277,Google Tee Red,Google,LG,Clearance,22
1278,Google Red YoYo,Google,,New,4
1279,Google Yellow YoYo,Google,,New,4
1280,Google LA Campus Lapel Pin,Google,,Campus Collection,4
1281,Google Twill Cap Charcoal,Google,,Apparel,13
1282,Android Flex Journal White,Android,,Office,2
1283,Google Women's Ringer Tee,Google,LG,Apparel,25
1284,YouTube Women's Favorite Tee White,YouTube,LG,Uncategorized Items,22
1285,Google Chicago Campus Zip Hoodie,Google,XL,Campus Collection,58
1286,Google Boulder Campus Zip Hoodie,Google,LG,Clearance,58
1287,Google Tee F/C Black,Google,XL,Uncategorized Items,22
1288,Google Youth F/C Pullover Hoodie,Google,MD,Apparel,40
1289,Google Women's Kirkland Pullover,Google,XS,Apparel,63
1290,Google Mountain View Campus Unisex Tee,Google,XL,Campus Collection,25
1291,#IamRemarkable Unisex Hoodie,#IamRemarkable,MD,Apparel,32
1292,Google NYC Campus Zip Hoodie,Google,MD,Campus Collection,58
1293,Google Austin Campus Unisex Tee,Google,XS,Campus Collection,25
1294,Google Boulder Campus Lapel Pin,Google,,Campus Collection,6
1295,Google Cotopaxi Shell,Google,MD,Apparel,95
1296,Android Pocket Youth Tee Navy,Android,SM,Apparel,25
1297,Google Youth FC Longsleeve Charcoal,Google,SM,Apparel,30
1298,Android Pocket Youth Tee Green,Android,SM,Apparel,25
1299,Google Youth FC Zip Hoodie,Google,SM,Apparel,45
1300,Google Mural Tote,Google,,Bags,18
1301,Google Seaport Tote,Google,MD,New,60
1302,Google Pocket Tee Grey,Google,XL,Apparel,29
1303,Google Bot,Google,,Accessories,10
1304,Mural Food Container,Google,,Lifestyle,41
1305,Google Kirkland Campus Unisex Tee,Google,,Clearance,18
1306,Google Emoji Magnet Set,Google,,Small Goods,8
1307,Google Totepak,Google,,New,24
1308,Google Medium Pet Leash (Red/Yellow),Google,,Accessories,35
1309,Google Incognito Laptop Organizer,Google,,Bags,56
1310,Google Incognito Dopp Kit V2,Google,,Bags,48
1311,Mommy Works at Google Book,Google,,Small Goods,20
1312,Google Large Pet Collar (Red/Yellow),Google,,Accessories,35
1313,Google Maps Pin,Google,,New,7
1314,Google Large Pet Leash (Blue/Green),Google,,Accessories,35
1315,Google Tee Dark Blue,Google,SM,Apparel,25
1316,Google Tonal Tee Coral,Google,MD,Uncategorized Items,22
1317,Google Mountain View Campus Zip Hoodie,Google,XS,Campus Collection,58
1318,Google LA Campus Ladies Tee,Google,SM,Clearance,25
1319,Google Medium Pet Leash (Blue/Green),Google,,Accessories,35
1320,Google Tee Grey,Google,2XL,Uncategorized Items,22
1321,Google Youth Hero Tee Maroon,Google,SM,Apparel,24
1322,Google Medium Pet Collar (Blue/Green),Google,,Accessories,35
1323,Google Medium Pet Collar (Red/Yellow),Google,,Accessories,35
1324,Google Cambridge Campus Ladies Tee,Google,MD,Campus Collection,25
1325,Google Seattle Campus Unisex Tee,Google,MD,Clearance,25
1326,Google Seattle Campus Ladies Tee,Google,MD,Clearance,25
1327,Google Austin Campus Ladies Tee,Google,LG,Campus Collection,25
1328,Android Pocket Tee Navy,Android,LG,Apparel,29
1329,Google Large Pet Leash (Red/Yellow),Google,,Accessories,28
1330,Google Tee Mint Green,Google,XL,Apparel,25
1331,Google Youth Jumbo Print Tee White,Google,LG,Apparel,25
1332,Google Women's Black Tee,Google,XL,Apparel,22
1333,Google Women's Pride Eco-Tee Black,Google,XL,Apparel,22
1334,Google NYC Campus Ladies Tee,Google,LG,Campus Collection,25
1335,Google Sunnyvale Campus Zip Hoodie,Google,LG,Campus Collection,58
1336,Google PNW Campus Zip Hoodie,Google,LG,Clearance,58
1337,Google Men's Tech Fleece Vest Charcoal,Google,MD,Apparel,79
1338,Google Sherpa Vest Black,Google,MD,Apparel,79
1339,Google Chicago Campus Lapel Pin,Google,,Campus Collection,6
1340,Google Kids Playful Tee,Google,XL,Google,25
1341,BLM Unisex Pullover Hoodie,Google,MD,Black Lives Matter,58
1342,Google Cambridge Campus Lapel Pin,Google,,Campus Collection,6
1343,Google PNW Campus Ladies Tee,Google,XL,Clearance,25
1344,Google Women's Tech Fleece Grey,Google,MD,Apparel,89
1345,Google Raincoat Navy,Google,MD,Apparel,120
1346,Google Large Pet Collar (Blue/Green),Google,,Accessories,28
1347,Stan and Friends Toddler Tee Green,Google,3T,Apparel,25
1348,Google Land & Sea French Terry Sweatshirt,Google,,Shop by Brand,55
1349,Google LA Campus Zip Hoodie,Google,XL,Clearance,58
1350,Google Land & Sea Mug,Google,,Shop by Brand,17
1351,Candy Cane Android Cardboard Sculpture,Android,,Accessories,20
1352,Google Light Pen Yellow,Google,,Writing Instruments,3
1353,Google Land & Sea French Terry Sweatshirt,Google,No options available,Shop by Brand,55
1354,Google Land & Sea Unisex Tee,Google,,Apparel,25
1355,Android Cardboard Sculpture,Android,,Accessories,14
1356,Google Chicago Campus Ladies Tee,Google,LG,Campus Collection,25
1357,Google Women's Softshell Moss,Google,Choose Size,Apparel,99
1358,Google Kirkland Campus Unisex Tee,Google,3XL,Clearance,25
1359,Google Sunnyvale Campus Ladies Tee,Google,MD,Campus Collection,25
1360,Google Boulder Campus Unisex Tee,Google,LG,Clearance,25
1361,Google Men's Softshell Moss,Google,LG,Apparel,99
1362,Google Mountain View Campus Ladies Tee,Google,XL,Campus Collection,25
1363,Google Color Block Tote White,Google,,Bags,13
1364,Android Pocket Tee Green,Android,SM,Apparel,29
1365,Google Beekeepers Youth Tee Pink,Google,LG,Apparel,25
1366,Google Mountain View Tee Blue,Google,XL,Apparel,25
1367,Google Beekeepers Toddler Tee Pink,Google,2T,Apparel,25
1368,Gift Card - $50.00,Google,,Gift Cards,63
1369,Gift Card - $25.00,Google,,Gift Cards,31
1370,Gift Card - $10.00,Google,,Gift Cards,13
1371,Gift Card - $250.00,Google,,Gift Cards,313
1372,Google Land & Sea Unisex Tee,Google,No options available,Apparel,25
1373,Google 5K Run 2020 Unisex Tee,Google,MD,Apparel,22
1374,Google Charcoal Unisex Badge Tee,Google,,Shop by Brand,21
1375,Google Grey Women's Tee,Google,,Shop by Brand,21
1376,Google Tritan Bottle Gray,Google,,Shop by Brand,12
1377,White Google Cloud Tumbler,Google,,Shop by Brand,27
1378,Google Separating Keyring,Google,,Accessories,6
1379,Google Mountain View Campus Bottle,Google,,Apparel,14
1380,Google Boulder Campus Ladies Tee,Google,LG,Clearance,25